-121.4871,37.39555,Bigfoot Report Class A 1870,,,,,,
-120.8681,46.24639,Bigfoot Report Class A 1941,,,,,,
-81.68295,29.77295,Bigfoot Report Class A 1947/48,,,,,,
-123.82,47.93722,Bigfoot Report Class A 1948,,,,,,
-86.52105,34.7325,Bigfoot Report Class A 1949,,,,,,
-124.0598,43.2547,Bigfoot Report Class A 1949,,,,,,
-82.43635,37.83777,Bigfoot Report Class A 1950,,,,,,
-89.59135,33.10925,Bigfoot Report Class A 1950,,,,,,
-82.74628,37.77591,Bigfoot Report Class A 1951/2,,,,,,
-86.5945,41.062,Bigfoot Report Class A 1953-1976,,,,,,
-120.7772,48.19923,Bigfoot Report Class A 1954-55,,,,,,
-82.438,28.043,Bigfoot Report Class A 1955,,,,,,
-120.2653,39.3225,Bigfoot Report Class A 1956,,,,,,
-100.5501,42.87331,Bigfoot Report Class A 1957,,,,,,
-124.1625,40.80222,Bigfoot Report Class A 1957 or 58,,,,,,
-121.9425,48.2475,Bigfoot Report Class A 1958,,,,,,
-95.84024,39.33292,Bigfoot Report Class A 1960,,,,,,
-94.72334,33.03333,Bigfoot Report Class A 1960's,,,,,,
-91.08056,34.88111,Bigfoot Report Class A 1961,,,,,,
-111.75,41.5,Bigfoot Report Class A 1962,,,,,,
-81.30896,41.30265,Bigfoot Report Class A 1962?,,,,,,
-123.2135,47.8306,Bigfoot Report Class A 1963,,,,,,
-94.89778,30.73861,Bigfoot Report Class A 1964,,,,,,
-86.60155,36.30155,Bigfoot Report Class A 1965-66,,,,,,
-122.3839,41.42806,Bigfoot Report Class A 1966,,,,,,
-122.1379,46.385,Bigfoot Report Class A 1967,,,,,,
-79.76308,44.86073,Bigfoot Report Class A 1968,,,,,,
-88.40335,33.50025,Bigfoot Report Class A 1968,,,,,,
-82.67252,40.00915,Bigfoot Report Class A 1968,,,,,,
-89.55949,37.236,Bigfoot Report Class A 1969,,,,,,
-82.50591,28.50665,Bigfoot Report Class A 1969-1980,,,,,,
-91.3867,43.078,Bigfoot Report Class A 1970,,,,,,
-122.1667,40.75,Bigfoot Report Class A 1970 1990,,,,,,
-110.5,44.58333,Bigfoot Report Class A 1970s-1980s,,,,,,
-105.9583,40.79166,Bigfoot Report Class A 1971,,,,,,
-81.67339,39.38745,Bigfoot Report Class A 1971,,,,,,
-80.0107,40.6166,Bigfoot Report Class A 1971,,,,,,
-80.7704,36.09945,Bigfoot Report Class A 1971 or 72,,,,,,
-81.96195,29.7351,Bigfoot Report Class A 1971-72?,,,,,,
-92.38222,36.19444,Bigfoot Report Class A 1972,,,,,,
-83.08006,37.81144,Bigfoot Report Class A 1972,,,,,,
-80.9835,41.1174,Bigfoot Report Class A 1972,,,,,,
-102.3881,31.06278,Bigfoot Report Class A 1972,,,,,,
-84.71,44.7,Bigfoot Report Class A 1972-1974?,,,,,,
-94.5383,37.1058,Bigfoot Report Class A 1972?,,,,,,
-85.8486,39.365,Bigfoot Report Class A 1973,,,,,,
-84.28714,37.57039,Bigfoot Report Class A 1973,,,,,,
-90.71574,31.1603,Bigfoot Report Class A 1973,,,,,,
-83.28265,35.2483,Bigfoot Report Class A 1973,,,,,,
-77.23238,38.741,Bigfoot Report Class A 1973,,,,,,
-122.1806,47.29944,Bigfoot Report Class A 1973,,,,,,
-81.8708,26.59885,Bigfoot Report Class A 1973-74?,,,,,,
-122.2917,47.18556,Bigfoot Report Class A 1973OR 74,,,,,,
-96.7432,40.1399,Bigfoot Report Class A 1974,,,,,,
-80.23375,39.1611,Bigfoot Report Class A 1974,,,,,,
-92.12,34.87,Bigfoot Report Class A 1975,,,,,,
-106.3833,39.26944,Bigfoot Report Class A 1975,,,,,,
-89.136,38.98,Bigfoot Report Class A 1975,,,,,,
-89.6111,30.2464,Bigfoot Report Class A 1975,,,,,,
-95.88,41.134,Bigfoot Report Class A 1975,,,,,,
-84.1989,37.89508,Bigfoot Report Class A 1976,,,,,,
-89.25397,36.26451,Bigfoot Report Class A 1976-1978,,,,,,
-95.97,35.27056,Bigfoot Report Class A 1976-1980,,,,,,
-91.1125,36.19791,Bigfoot Report Class A 1977,,,,,,
-93.8794,37.9939,Bigfoot Report Class A 1977,,,,,,
-88.74805,32.3372,Bigfoot Report Class A 1977,,,,,,
-113.8381,46.97694,Bigfoot Report Class A 1977,,,,,,
-74.6215,40.7446,Bigfoot Report Class A 1977,,,,,,
-82.69884,40.38609,Bigfoot Report Class A 1977,,,,,,
-84.54476,41.34728,Bigfoot Report Class A 1977,,,,,,
-80.54177,41.91826,Bigfoot Report Class A 1977,,,,,,
-84.35389,41.93,Bigfoot Report Class A 1977 or 78,,,,,,
-87.1105,34.92855,Bigfoot Report Class A 1978,,,,,,
-96.8223,39.1463,Bigfoot Report Class A 1978,,,,,,
-85.0016,38.44148,Bigfoot Report Class A 1978,,,,,,
-84.04025,42.68505,Bigfoot Report Class A 1978,,,,,,
-81.73172,39.40877,Bigfoot Report Class A 1978,,,,,,
-71.65183,41.432,Bigfoot Report Class A 1978,,,,,,
-81.359,33.245,Bigfoot Report Class A 1978,,,,,,
-96.25,29.38333,Bigfoot Report Class A 1978 or 1979,,,,,,
-122.7325,40.63556,Bigfoot Report Class A 1978 or 79,,,,,,
-80.37878,39.52122,Bigfoot Report Class A 1978-79,,,,,,
-93.2512,31.1458,Bigfoot Report Class A 1979,,,,,,
-104.1922,47.70667,Bigfoot Report Class A 1979,,,,,,
-77.90525,36.0089,Bigfoot Report Class A 1979,,,,,,
-97.97573,42.76609,Bigfoot Report Class A 1979,,,,,,
-97.5,32.15,Bigfoot Report Class A 1979,,,,,,
-89.67523,45.22849,Bigfoot Report Class A 1979,,,,,,
-82.59822,38.12764,Bigfoot Report Class A 1979 -'84,,,,,,
-83.80404,34.64145,Bigfoot Report Class A 1979-1980,,,,,,
-95.10654,30.302,Bigfoot Report Class A 1979/1980,,,,,,
-83.32354,38.56277,Bigfoot Report Class A 197?,,,,,,
-81.5446,28.6901,Bigfoot Report Class A 1980,,,,,,
-91.14448,32.0131,Bigfoot Report Class A 1980,,,,,,
-96.6824,40.84792,Bigfoot Report Class A 1980,,,,,,
-95.48833,31.35833,Bigfoot Report Class A 1980,,,,,,
-93.75723,36.31519,Bigfoot Report Class A 1981,,,,,,
-105.1598,38.753,Bigfoot Report Class A 1981,,,,,,
-95.26167,34.92333,Bigfoot Report Class A 1981,,,,,,
-82.38998,34.52414,Bigfoot Report Class A 1981,,,,,,
-95.37101,31.82347,Bigfoot Report Class A 1981,,,,,,
-82.71758,28.29425,Bigfoot Report Class A 1981 or 1982,,,,,,
-81.88475,31.8792,Bigfoot Report Class A 1982,,,,,,
-113.1236,48.36139,Bigfoot Report Class A 1982,,,,,,
-112.7031,47.04333,Bigfoot Report Class A 1982,,,,,,
-96.01666,28.97944,Bigfoot Report Class A 1982,,,,,,
-80.60976,26.61979,Bigfoot Report Class A 1982 or 1983,,,,,,
-80.58332,40.70386,Bigfoot Report Class A 1982 or 83,,,,,,
-95.60834,30.23333,Bigfoot Report Class A 1983,,,,,,
-94.965,32.27444,Bigfoot Report Class A 1983,,,,,,
-122.6228,46.05333,Bigfoot Report Class A 1984,,,,,,
-89.6965,45.89832,Bigfoot Report Class A 1984,,,,,,
-122.1171,49.4068,Bigfoot Report Class A 1984/85,,,,,,
-123.3471,45.63606,Bigfoot Report Class A 1984/85?,,,,,,
-104.3786,37.09263,Bigfoot Report Class A 1985,,,,,,
-82.3657,29.77535,Bigfoot Report Class A 1985,,,,,,
-85.3948,29.93629,Bigfoot Report Class A 1985,,,,,,
-117.3606,47.62769,Bigfoot Report Class A 1985,,,,,,
-81.75165,30.05705,Bigfoot Report Class A 1986,,,,,,
-85.589,46.56725,Bigfoot Report Class A 1986,,,,,,
-82.41166,39.14299,Bigfoot Report Class A 1986 or 1987?,,,,,,
-83.0337,40.08159,Bigfoot Report Class A 1986-87,,,,,,
-86.46987,35.10615,Bigfoot Report Class A 1987,,,,,,
-94.16666,32.8,Bigfoot Report Class A 1987,,,,,,
-94.9,32.51667,Bigfoot Report Class A 1987,,,,,,
-82.454,27.099,Bigfoot Report Class A 1988,,,,,,
-80.78826,40.2831,Bigfoot Report Class A 1988,,,,,,
-99.18778,33.16972,Bigfoot Report Class A 1988,,,,,,
-80.93919,28.85025,Bigfoot Report Class A 1989,,,,,,
-92.20055,37.82861,Bigfoot Report Class A 1989,,,,,,
-87.45876,33.97575,Bigfoot Report Class A 1990,,,,,,
-87.53395,33.8957,Bigfoot Report Class A 1990,,,,,,
-85.217,30.8724,Bigfoot Report Class A 1990,,,,,,
-88.41175,36.8207,Bigfoot Report Class A 1990,,,,,,
-87.48289,46.09045,Bigfoot Report Class A 1990,,,,,,
-81.65929,39.3731,Bigfoot Report Class A 1990,,,,,,
-94.86667,30.08333,Bigfoot Report Class A 1990,,,,,,
-111.69,33.85,Bigfoot Report Class A 1990's,,,,,,
-97.54944,32.17194,Bigfoot Report Class A 1990-92,,,,,,
-122.5833,38.25583,Bigfoot Report Class A 1991,,,,,,
-91.09014,39.29007,Bigfoot Report Class A 1991,,,,,,
-81.70052,34.53654,Bigfoot Report Class A 1991,,,,,,
-96.78917,33.71472,Bigfoot Report Class A 1991-1995,,,,,,
-86.17524,34.27607,Bigfoot Report Class A 1992,,,,,,
-81.19895,40.75872,Bigfoot Report Class A 1992,,,,,,
-118.5834,34.76666,Bigfoot Report Class A 1993,,,,,,
-81.7757,28.86151,Bigfoot Report Class A 1993,,,,,,
-93.94583,36.34167,Bigfoot Report Class A 1994,,,,,,
-121.6156,40.92911,Bigfoot Report Class A 1994,,,,,,
-105.4826,37.5969,Bigfoot Report Class A 1994,,,,,,
-81.4189,30.4544,Bigfoot Report Class A 1994,,,,,,
-84.67017,38.90649,Bigfoot Report Class A 1994,,,,,,
-89.6075,37.286,Bigfoot Report Class A 1994,,,,,,
-122.8889,45.63893,Bigfoot Report Class A 1994,,,,,,
-81.11642,40.98596,Bigfoot Report Class A 1994-95,,,,,,
-122.1983,46.7002,Bigfoot Report Class A 1994?,,,,,,
-132.7982,55.1872,Bigfoot Report Class A 1995,,,,,,
-95.62278,34.11306,Bigfoot Report Class A 1995,,,,,,
-95.82056,33.26222,Bigfoot Report Class A 1995,,,,,,
-98.09234,32.04417,Bigfoot Report Class A 1995,,,,,,
-122.3219,47.45411,Bigfoot Report Class A 1995,,,,,,
-84.45905,39.49695,Bigfoot Report Class A 1995 to 2003,,,,,,
-86.5065,30.51295,Bigfoot Report Class A 1996,,,,,,
-89.0338,30.97675,Bigfoot Report Class A 1997,,,,,,
-80.6937,40.39103,Bigfoot Report Class A 1997,,,,,,
-97.1225,36.02306,Bigfoot Report Class A 1997,,,,,,
-81.51749,40.27488,Bigfoot Report Class A 1997-2001,,,,,,
-84.06493,44.5256,Bigfoot Report Class A 1997/1998,,,,,,
-92.34083,34.55056,Bigfoot Report Class A 1998,,,,,,
-94.45417,34.70694,Bigfoot Report Class A 1998,,,,,,
-81.436,32.0391,Bigfoot Report Class A 1998,,,,,,
-96.84806,33.69,Bigfoot Report Class A 1998,,,,,,
-81.54172,30.23693,Bigfoot Report Class A 1998-2000,,,,,,
-121.7,37,Bigfoot Report Class A 1998-2004,,,,,,
-86.17122,33.36305,Bigfoot Report Class A 1999,,,,,,
-88.9963,37.289,Bigfoot Report Class A 1999,,,,,,
-84.588,38.528,Bigfoot Report Class A 1999-2000,,,,,,
-86.6333,34.4881,Bigfoot Report Class A 2000,,,,,,
-82.33316,29.58358,Bigfoot Report Class A 2000,,,,,,
-95.90694,33.61666,Bigfoot Report Class A 2000-2003,,,,,,
-87.00665,34.6802,Bigfoot Report Class A 2001,,,,,,
-122.278,40.7974,Bigfoot Report Class A 2001,,,,,,
-81.22285,26.0079,Bigfoot Report Class A 2001,,,,,,
-120.5836,38.72139,Bigfoot Report Class A 2003,,,,,,
-81.88324,30.10139,Bigfoot Report Class A 2003,,,,,,
-74.68135,40.16465,Bigfoot Report Class A 2003,,,,,,
-120.6033,38.90333,Bigfoot Report Class A 2004,,,,,,
-74.321,41.08335,Bigfoot Report Class A 2004,,,,,,
-95.23958,33.36867,Bigfoot Report Class A 2004,,,,,,
-114.0125,45.82285,Bigfoot Report Class A 2005,,,,,,
-88.867,39.781,Bigfoot Report Class A 2006,,,,,,
-123.6216,42.16024,Bigfoot Report Class A 2006,,,,,,
-93.47855,48.60385,Bigfoot Report Class A 2007,,,,,,
-84.383,34.39965,Bigfoot Report Class A 2007,,,,,,
-87.01657,37.64966,Bigfoot Report Class A 2007,,,,,,
-80.3616,37.9937,Bigfoot Report Class A 2008,,,,,,
-121.1537,44.8464,Bigfoot Report Class A 71; 83; 94,,,,,,
-87.50905,34.80405,Bigfoot Report Class A 79; 80; 99,,,,,,
-122.6089,49.0922,Bigfoot Report Class A 87 or 88,,,,,,
-79.65835,36.86345,Bigfoot Report Class A ?84-86?,,,,,,
-89.5,39.853,Bigfoot Report Class A About 1995,,,,,,
-121.94,49.24,Bigfoot Report Class A Apr 1934,,,,,,
-86.1437,45.964,Bigfoot Report Class A Apr 1962,,,,,,
-101.3166,48.25422,Bigfoot Report Class A Apr 1962,,,,,,
-83.53575,35.68449,Bigfoot Report Class A Apr 1970,,,,,,
-121.2919,35.5565,Bigfoot Report Class A Apr 1974,,,,,,
-78.9211,33.72,Bigfoot Report Class A Apr 1974,,,,,,
-122.0194,45.62778,Bigfoot Report Class A Apr 1978,,,,,,
-94.3,32.68,Bigfoot Report Class A Apr 1979,,,,,,
-122.69,46.96515,Bigfoot Report Class A Apr 1979,,,,,,
-77.60525,42.28045,Bigfoot Report Class A Apr 1979 or 80,,,,,,
-90.0594,40.5332,Bigfoot Report Class A Apr 1980,,,,,,
-121.7753,45.69833,Bigfoot Report Class A Apr 1980,,,,,,
-98.03333,50.25,Bigfoot Report Class A Apr 1981,,,,,,
-119.9254,34.73389,Bigfoot Report Class A Apr 1982,,,,,,
-95.16028,33.64555,Bigfoot Report Class A Apr 1982,,,,,,
-82.443,35.33975,Bigfoot Report Class A Apr 1983,,,,,,
-93.20389,33.88861,Bigfoot Report Class A Apr 1984,,,,,,
-81.09017,37.22647,Bigfoot Report Class A Apr 1984,,,,,,
-123.12,59.61,Bigfoot Report Class A Apr 1987,,,,,,
-94.14306,32.01083,Bigfoot Report Class A Apr 1988,,,,,,
-107.7247,37.83905,Bigfoot Report Class A Apr 1989,,,,,,
-83.9769,37.06226,Bigfoot Report Class A Apr 1991,,,,,,
-121.2303,45.75806,Bigfoot Report Class A Apr 1991,,,,,,
-121.9658,47.288,Bigfoot Report Class A Apr 1992,,,,,,
-120.1358,38.86,Bigfoot Report Class A Apr 1993,,,,,,
-87.1814,30.9905,Bigfoot Report Class A Apr 1994,,,,,,
-81.80005,29.98085,Bigfoot Report Class A Apr 1994,,,,,,
-121.4755,44.2157,Bigfoot Report Class A Apr 1994,,,,,,
-121.6352,47.8573,Bigfoot Report Class A Apr 1994,,,,,,
-122.0111,47.8925,Bigfoot Report Class A Apr 1995,,,,,,
-92.4573,45.1097,Bigfoot Report Class A Apr 1995,,,,,,
-119.9833,38.93333,Bigfoot Report Class A Apr 1996,,,,,,
-78.3253,43.22649,Bigfoot Report Class A Apr 1997,,,,,,
-104.9908,38.54166,Bigfoot Report Class A Apr 1998,,,,,,
-90.9525,36.66708,Bigfoot Report Class A Apr 1998,,,,,,
-95.6,32.16139,Bigfoot Report Class A Apr 1998,,,,,,
-92.3104,31.6825,Bigfoot Report Class A Apr 1998/2000,,,,,,
-84.72922,44.29188,Bigfoot Report Class A Apr 1999,,,,,,
-90.39488,38.22635,Bigfoot Report Class A Apr 1999,,,,,,
-83.28128,38.83859,Bigfoot Report Class A Apr 1999,,,,,,
-93.61667,30.72028,Bigfoot Report Class A Apr 1999,,,,,,
-122.4369,46.61583,Bigfoot Report Class A Apr 1999,,,,,,
-80.11329,39.54114,Bigfoot Report Class A Apr 1999,,,,,,
-106.8085,39.6632,Bigfoot Report Class A Apr 2000,,,,,,
-95.60667,35.7575,Bigfoot Report Class A Apr 2000,,,,,,
-122.2739,46.55861,Bigfoot Report Class A Apr 2000,,,,,,
-122.2739,46.55861,Bigfoot Report Class A Apr 2000,,,,,,
-86.581,32.184,Bigfoot Report Class A Apr 2001,,,,,,
-94.22206,42.72063,Bigfoot Report Class A Apr 2001,,,,,,
-122.382,46.9382,Bigfoot Report Class A Apr 2001,,,,,,
-95.32,30.31667,Bigfoot Report Class A Apr 2002,,,,,,
-80.13276,37.2423,Bigfoot Report Class A Apr 2002,,,,,,
-91.6253,38.28,Bigfoot Report Class A Apr 2003,,,,,,
-94.82,30.10305,Bigfoot Report Class A Apr 2003,,,,,,
-123.5439,46.33425,Bigfoot Report Class A Apr 2003,,,,,,
-112.6432,33.3785,Bigfoot Report Class A Apr 2004,,,,,,
-82.24886,32.38575,Bigfoot Report Class A Apr 2004,,,,,,
-85.61,39.3579,Bigfoot Report Class A Apr 2004,,,,,,
-83.81139,37.82708,Bigfoot Report Class A Apr 2004,,,,,,
-94.7325,34.689,Bigfoot Report Class A Apr 2004,,,,,,
-94.2,32.05806,Bigfoot Report Class A Apr 2004,,,,,,
-114.1397,53.62819,Bigfoot Report Class A Apr 2005,,,,,,
-97.595,54.245,Bigfoot Report Class A Apr 2005,,,,,,
-74.3249,40.9934,Bigfoot Report Class A Apr 2005,,,,,,
-84.7802,41.9773,Bigfoot Report Class A Apr 2006,,,,,,
-93.684,37.664,Bigfoot Report Class A Apr 2006,,,,,,
-141.3165,62.77335,Bigfoot Report Class A Apr 2008,,,,,,
-123.1742,46.98278,Bigfoot Report Class A Apr 2008,,,,,,
-123.8165,46.4205,Bigfoot Report Class A Apr 2008,,,,,,
-90.1451,38.9951,Bigfoot Report Class A Apr 2009,,,,,,
-123.4498,41.65925,Bigfoot Report Class A Apr 2010,,,,,,
-121.495,36.2485,Bigfoot Report Class A Apr 93/95,,,,,,
-87.3203,38.01,Bigfoot Report Class A Aug 1937,,,,,,
-82.26236,40.60787,Bigfoot Report Class A Aug 1943,,,,,,
-122.9958,41.82417,Bigfoot Report Class A Aug 1944,,,,,,
-73.1512,41.36935,Bigfoot Report Class A Aug 1953,,,,,,
-118.8489,36.10222,Bigfoot Report Class A Aug 1955,,,,,,
-89.67815,36.00565,Bigfoot Report Class A Aug 1960,,,,,,
-121.07,37.475,Bigfoot Report Class A Aug 1962,,,,,,
-82.0332,27.0047,Bigfoot Report Class A Aug 1962,,,,,,
-123.8692,40.26639,Bigfoot Report Class A Aug 1963,,,,,,
-119.2916,34.625,Bigfoot Report Class A Aug 1964,,,,,,
-105.3792,40.17585,Bigfoot Report Class A Aug 1964,,,,,,
-120.4474,46.4984,Bigfoot Report Class A Aug 1965,,,,,,
-123.7675,39.22361,Bigfoot Report Class A Aug 1966,,,,,,
-180,40.16471,Bigfoot Report Class A Aug 1966,,,,,,
-122.6869,46.94917,Bigfoot Report Class A Aug 1967,,,,,,
-75.06665,40.4225,Bigfoot Report Class A Aug 1968,,,,,,
-94.3643,33.76986,Bigfoot Report Class A Aug 1969,,,,,,
-116.0833,44.91666,Bigfoot Report Class A Aug 1969,,,,,,
-81.68124,37.2875,Bigfoot Report Class A Aug 1969,,,,,,
-81.15622,40.7343,Bigfoot Report Class A Aug 1970's-1980's,,,,,,
-122.2083,46.27583,Bigfoot Report Class A Aug 1971,,,,,,
-119.6665,39.679,Bigfoot Report Class A Aug 1972,,,,,,
-123.4822,47.0033,Bigfoot Report Class A Aug 1972,,,,,,
-122.2156,48.76075,Bigfoot Report Class A Aug 1972,,,,,,
-115.75,45.08334,Bigfoot Report Class A Aug 1973,,,,,,
-74.8865,42.56379,Bigfoot Report Class A Aug 1973,,,,,,
-88.7496,32.2714,Bigfoot Report Class A Aug 1975,,,,,,
-90.675,38.655,Bigfoot Report Class A Aug 1976,,,,,,
-81.26217,40.54605,Bigfoot Report Class A Aug 1976,,,,,,
-118.9491,44.39104,Bigfoot Report Class A Aug 1976,,,,,,
-122.3775,40.8875,Bigfoot Report Class A Aug 1977,,,,,,
-92.76577,43.17215,Bigfoot Report Class A Aug 1977,,,,,,
-95.91632,37.2974,Bigfoot Report Class A Aug 1977,,,,,,
-91.432,37.8597,Bigfoot Report Class A Aug 1977,,,,,,
-111.8861,46.76472,Bigfoot Report Class A Aug 1977,,,,,,
-80.6282,35.91965,Bigfoot Report Class A Aug 1977,,,,,,
-98.055,31.11611,Bigfoot Report Class A Aug 1977,,,,,,
-96.00306,33.19944,Bigfoot Report Class A Aug 1977,,,,,,
-122.1656,48.8178,Bigfoot Report Class A Aug 1977,,,,,,
-121.3114,47.6181,Bigfoot Report Class A Aug 1977,,,,,,
-121.5287,47.485,Bigfoot Report Class A Aug 1977,,,,,,
-118.188,50.58304,Bigfoot Report Class A Aug 1978,,,,,,
-79.5985,43.2114,Bigfoot Report Class A Aug 1978,,,,,,
-134.4837,60.36933,Bigfoot Report Class A Aug 1978,,,,,,
-83.67952,37.7764,Bigfoot Report Class A Aug 1978,,,,,,
-81.30889,36.31126,Bigfoot Report Class A Aug 1978,,,,,,
-81.0758,40.74451,Bigfoot Report Class A Aug 1978,,,,,,
-122.4163,45.3894,Bigfoot Report Class A Aug 1978,,,,,,
-78.42314,40.97015,Bigfoot Report Class A Aug 1978,,,,,,
-76.6658,37.72693,Bigfoot Report Class A Aug 1978,,,,,,
-81.1273,29.47035,Bigfoot Report Class A Aug 1978-70,,,,,,
-120.1877,38.06615,Bigfoot Report Class A Aug 1978/79,,,,,,
-81.3065,25.8972,Bigfoot Report Class A Aug 1979,,,,,,
-88.929,37.91,Bigfoot Report Class A Aug 1979,,,,,,
-94.45095,31.2371,Bigfoot Report Class A Aug 1979,,,,,,
-80.17,37.445,Bigfoot Report Class A Aug 1979,,,,,,
-84.7602,44.4355,Bigfoot Report Class A Aug 1980,,,,,,
-73.7171,41.5036,Bigfoot Report Class A Aug 1980,,,,,,
-81.3726,41.47349,Bigfoot Report Class A Aug 1980,,,,,,
-82.66616,38.54852,Bigfoot Report Class A Aug 1980,,,,,,
-121.8955,43.5705,Bigfoot Report Class A Aug 1980,,,,,,
-82.46557,27.28518,Bigfoot Report Class A Aug 1981,,,,,,
-82.6783,29.47368,Bigfoot Report Class A Aug 1981,,,,,,
-88.51969,44.8491,Bigfoot Report Class A Aug 1981,,,,,,
-122.8055,40.6789,Bigfoot Report Class A Aug 1982,,,,,,
-121.5344,47.0183,Bigfoot Report Class A Aug 1982,,,,,,
-94.83334,29.88528,Bigfoot Report Class A Aug 1983,,,,,,
-84.971,39.17295,Bigfoot Report Class A Aug 1984,,,,,,
-123.975,44.19167,Bigfoot Report Class A Aug 1984,,,,,,
-122.4888,45.0837,Bigfoot Report Class A Aug 1984,,,,,,
-116.1475,48.255,Bigfoot Report Class A Aug 1985,,,,,,
-95.97023,35.36895,Bigfoot Report Class A Aug 1986,,,,,,
-124.53,42.82,Bigfoot Report Class A Aug 1986,,,,,,
-122.2778,48.36861,Bigfoot Report Class A Aug 1986,,,,,,
-82.53083,43.26806,Bigfoot Report Class A Aug 1987,,,,,,
-114.8281,43.4082,Bigfoot Report Class A Aug 1988,,,,,,
-86.5101,35.988,Bigfoot Report Class A Aug 1988 or 89,,,,,,
-83.02854,40.15002,Bigfoot Report Class A Aug 1989,,,,,,
-105.3646,40.57499,Bigfoot Report Class A Aug 1990,,,,,,
-94.83,35.92806,Bigfoot Report Class A Aug 1990,,,,,,
-89.48666,36.09583,Bigfoot Report Class A Aug 1990,,,,,,
-80.5378,37.3557,Bigfoot Report Class A Aug 1990,,,,,,
-87.73236,46.61183,Bigfoot Report Class A Aug 1991,,,,,,
-92.8254,38.3085,Bigfoot Report Class A Aug 1991,,,,,,
-135.1155,60.69976,Bigfoot Report Class A Aug 1992,,,,,,
-95.11484,46.50385,Bigfoot Report Class A Aug 1992,,,,,,
-123.2022,47.4028,Bigfoot Report Class A Aug 1992,,,,,,
-87.02025,34.9263,Bigfoot Report Class A Aug 1993,,,,,,
-119.7853,38.33115,Bigfoot Report Class A Aug 1993,,,,,,
-120.9855,45.9358,Bigfoot Report Class A Aug 1993,,,,,,
-123.972,45.145,Bigfoot Report Class A Aug 1995,,,,,,
-74.14589,44.26646,Bigfoot Report Class A Aug 1996,,,,,,
-95.09167,30.475,Bigfoot Report Class A Aug 1996,,,,,,
-101.3903,32.24083,Bigfoot Report Class A Aug 1996,,,,,,
-122.1694,46.9974,Bigfoot Report Class A Aug 1996,,,,,,
-120.6694,46.71444,Bigfoot Report Class A Aug 1996,,,,,,
-96.40213,42.50817,Bigfoot Report Class A Aug 1997,,,,,,
-86.25349,38.6899,Bigfoot Report Class A Aug 1997,,,,,,
-91.3171,44.4049,Bigfoot Report Class A Aug 1997,,,,,,
-119.2569,37.91111,Bigfoot Report Class A Aug 1998,,,,,,
-123.056,41.28996,Bigfoot Report Class A Aug 1998,,,,,,
-82.64877,38.42968,Bigfoot Report Class A Aug 1998,,,,,,
-85.82096,44.51436,Bigfoot Report Class A Aug 1998,,,,,,
-123.5469,45.5891,Bigfoot Report Class A Aug 1998,,,,,,
-105.4979,37.57915,Bigfoot Report Class A Aug 2000,,,,,,
-105.8199,39.67095,Bigfoot Report Class A Aug 2000,,,,,,
-107.0153,39.1084,Bigfoot Report Class A Aug 2000,,,,,,
-81.52915,30.2333,Bigfoot Report Class A Aug 2000,,,,,,
-85.0409,32.0538,Bigfoot Report Class A Aug 2000,,,,,,
-92.2508,31.4676,Bigfoot Report Class A Aug 2000,,,,,,
-84.28315,35.2597,Bigfoot Report Class A Aug 2000,,,,,,
-121.7666,47.43534,Bigfoot Report Class A Aug 2000,,,,,,
-108.2083,37.4625,Bigfoot Report Class A Aug 2001,,,,,,
-83.60472,42.30472,Bigfoot Report Class A Aug 2001,,,,,,
-112.35,38.225,Bigfoot Report Class A Aug 2001,,,,,,
-119.665,53.08,Bigfoot Report Class A Aug 2002,,,,,,
-93.4303,37.0968,Bigfoot Report Class A Aug 2002,,,,,,
-82.82214,40.5896,Bigfoot Report Class A Aug 2002,,,,,,
-96.968,35.86972,Bigfoot Report Class A Aug 2002,,,,,,
-123.4166,44.58335,Bigfoot Report Class A Aug 2002,,,,,,
-123.5585,43.2073,Bigfoot Report Class A Aug 2002,,,,,,
-121.9063,45.8083,Bigfoot Report Class A Aug 2002,,,,,,
-121.745,48.53944,Bigfoot Report Class A Aug 2002,,,,,,
-117.2776,48.83558,Bigfoot Report Class A Aug 2002,,,,,,
-81.1351,41.5325,Bigfoot Report Class A Aug 2002.1980?,,,,,,
-87.35664,33.21145,Bigfoot Report Class A Aug 2003,,,,,,
-93.13361,35.27833,Bigfoot Report Class A Aug 2003,,,,,,
-122.3985,45.8331,Bigfoot Report Class A Aug 2003,,,,,,
-122.3045,46.52352,Bigfoot Report Class A Aug 2003,,,,,,
-120.3275,39.31917,Bigfoot Report Class A Aug 2004,,,,,,
-85.6316,30.4664,Bigfoot Report Class A Aug 2004,,,,,,
-80.89096,41.42579,Bigfoot Report Class A Aug 2004,,,,,,
-81.5117,40.1218,Bigfoot Report Class A Aug 2004,,,,,,
-81.61014,39.92781,Bigfoot Report Class A Aug 2004,,,,,,
-97.07361,33.82444,Bigfoot Report Class A Aug 2004,,,,,,
-122.1814,43.3622,Bigfoot Report Class A Aug 2004,,,,,,
-94.25694,33.07639,Bigfoot Report Class A Aug 2004,,,,,,
-96.29222,29.17805,Bigfoot Report Class A Aug 2004,,,,,,
-119.5483,38.3068,Bigfoot Report Class A Aug 2005,,,,,,
-120.2201,38.86165,Bigfoot Report Class A Aug 2005,,,,,,
-123.1668,41.8333,Bigfoot Report Class A Aug 2005,,,,,,
-120.4736,53.59444,Bigfoot Report Class A Aug 2005,,,,,,
-90.79886,37.79465,Bigfoot Report Class A Aug 2005,,,,,,
-95.92,41.238,Bigfoot Report Class A Aug 2005,,,,,,
-94.02934,49.40276,Bigfoot Report Class A Aug 2006,,,,,,
-122.3076,46.84565,Bigfoot Report Class A Aug 2006,,,,,,
-82.59348,38.35727,Bigfoot Report Class A Aug 2006,,,,,,
-118.375,36.70835,Bigfoot Report Class A Aug 2007,,,,,,
-81.89565,30.10386,Bigfoot Report Class A Aug 2007,,,,,,
-84.5136,34.48287,Bigfoot Report Class A Aug 2007,,,,,,
-114.2634,42.21834,Bigfoot Report Class A Aug 2007,,,,,,
-86.45915,36.68937,Bigfoot Report Class A Aug 2007,,,,,,
-112.4554,45.9754,Bigfoot Report Class A Aug 2007,,,,,,
-93.8117,30.12615,Bigfoot Report Class A Aug 2007,,,,,,
-120.6599,48.31199,Bigfoot Report Class A Aug 2007,,,,,,
-121.25,46.85,Bigfoot Report Class A Aug 2007,,,,,,
-80.64685,37.50965,Bigfoot Report Class A Aug 2007,,,,,,
-76.4198,44.61615,Bigfoot Report Class A Aug 2008,,,,,,
-96.44296,38.62563,Bigfoot Report Class A Aug 2008,,,,,,
-121.8388,45.31061,Bigfoot Report Class A Aug 2008,,,,,,
-122.2347,44.95023,Bigfoot Report Class A Aug 2008,,,,,,
-83.3032,35.4745,Bigfoot Report Class A Aug 2008,,,,,,
-83.66153,31.18562,Bigfoot Report Class A Aug 2009,,,,,,
-96.12164,36.62116,Bigfoot Report Class A Aug 2009,,,,,,
-96.12524,31.93425,Bigfoot Report Class A Aug 2009,,,,,,
-121.1859,47.70178,Bigfoot Report Class A Aug 2009,,,,,,
-85.6489,30.98555,Bigfoot Report Class A Aug 76,,,,,,
-84.92358,37.3181,Bigfoot Report Class A Dec 1953,,,,,,
-111.8634,35.241,Bigfoot Report Class A Dec 1973,,,,,,
-118.125,36.79165,Bigfoot Report Class A Dec 1975-76,,,,,,
-97.05903,33.77528,Bigfoot Report Class A Dec 1976,,,,,,
-71.9023,42.6688,Bigfoot Report Class A Dec 1977,,,,,,
-121.7692,48.1278,Bigfoot Report Class A Dec 1977,,,,,,
-124.1214,43.9311,Bigfoot Report Class A Dec 1978,,,,,,
-82.24471,33.3646,Bigfoot Report Class A Dec 1979,,,,,,
-98.22576,41.55099,Bigfoot Report Class A Dec 1979,,,,,,
-122.782,47.3704,Bigfoot Report Class A Dec 1979,,,,,,
-117.8504,49.28569,Bigfoot Report Class A Dec 1980,,,,,,
-89.80125,38.72226,Bigfoot Report Class A Dec 1980,,,,,,
-94.7375,32.33528,Bigfoot Report Class A Dec 1980,,,,,,
-95.59745,31.1683,Bigfoot Report Class A Dec 1981; 1982,,,,,,
-97.83334,32.78611,Bigfoot Report Class A Dec 1982,,,,,,
-111.5,34.4,Bigfoot Report Class A Dec 1983,,,,,,
-93.94,30.41667,Bigfoot Report Class A Dec 1983,,,,,,
-81.6965,28.775,Bigfoot Report Class A Dec 1985,,,,,,
-118.6016,45.5789,Bigfoot Report Class A Dec 1985,,,,,,
-122.2187,47.39,Bigfoot Report Class A Dec 1986,,,,,,
-116.9266,47.70965,Bigfoot Report Class A Dec 1988,,,,,,
-94.2,32.62194,Bigfoot Report Class A Dec 1989,,,,,,
-121.6548,47.48176,Bigfoot Report Class A Dec 1990,,,,,,
-80.98215,36.74465,Bigfoot Report Class A Dec 1992,,,,,,
-123.35,41.75,Bigfoot Report Class A Dec 1993,,,,,,
-94.85,30.01667,Bigfoot Report Class A Dec 1993,,,,,,
-84.60745,30.6645,Bigfoot Report Class A Dec 1994,,,,,,
-89.63499,35.537,Bigfoot Report Class A Dec 1994,,,,,,
-87.96095,31.58255,Bigfoot Report Class A Dec 1996,,,,,,
-92.3309,31.4871,Bigfoot Report Class A Dec 1996,,,,,,
-95.5425,32.7943,Bigfoot Report Class A Dec 1996,,,,,,
-95.37666,30.75,Bigfoot Report Class A Dec 1996,,,,,,
-95.76861,33.48,Bigfoot Report Class A Dec 1996,,,,,,
-94.37444,32.04361,Bigfoot Report Class A Dec 1996,,,,,,
-119.2119,37.23389,Bigfoot Report Class A Dec 1997,,,,,,
-83.39134,38.73687,Bigfoot Report Class A Dec 1997 -98,,,,,,
-77.97089,38.02516,Bigfoot Report Class A Dec 1998,,,,,,
-104.8604,38.6691,Bigfoot Report Class A Dec 1999,,,,,,
-83.26393,39.17257,Bigfoot Report Class A Dec 1999,,,,,,
-110.8403,34.90831,Bigfoot Report Class A Dec 2000,,,,,,
-80.88494,41.72134,Bigfoot Report Class A Dec 2000,,,,,,
-84.20835,30.4836,Bigfoot Report Class A Dec 2001,,,,,,
-83.412,30.67,Bigfoot Report Class A Dec 2001,,,,,,
-96.10222,32.94722,Bigfoot Report Class A Dec 2001,,,,,,
-94.15,32.58333,Bigfoot Report Class A Dec 2001,,,,,,
-122.1751,50.80041,Bigfoot Report Class A Dec 2002,,,,,,
-105.7854,39.39565,Bigfoot Report Class A Dec 2002,,,,,,
-83.13585,39.20212,Bigfoot Report Class A Dec 2002,,,,,,
-95.80417,36.91528,Bigfoot Report Class A Dec 2002,,,,,,
-118.875,45.46571,Bigfoot Report Class A Dec 2002,,,,,,
-86.99782,31.00002,Bigfoot Report Class A Dec 2002;2006,,,,,,
-120.2434,38.0312,Bigfoot Report Class A Dec 2003,,,,,,
-123.694,45.0608,Bigfoot Report Class A Dec 2003,,,,,,
-79.052,37.585,Bigfoot Report Class A Dec 2003,,,,,,
-80.60942,43.62427,Bigfoot Report Class A Dec 2004,,,,,,
-107.6021,36.7474,Bigfoot Report Class A Dec 2004,,,,,,
-84.0475,35.5559,Bigfoot Report Class A Dec 2004,,,,,,
-109.9,40.5,Bigfoot Report Class A Dec 2004,,,,,,
-79.82829,37.06266,Bigfoot Report Class A Dec 2004,,,,,,
-80.68192,40.1333,Bigfoot Report Class A Dec 2004,,,,,,
-93.162,34.285,Bigfoot Report Class A Dec 2005,,,,,,
-92.914,32.0199,Bigfoot Report Class A Dec 2005,,,,,,
-81.29745,37.58135,Bigfoot Report Class A Dec 2005,,,,,,
-75.63184,44.53995,Bigfoot Report Class A Dec 2006,,,,,,
-83.89224,37.49582,Bigfoot Report Class A Dec 2006,,,,,,
-123.2393,39.83929,Bigfoot Report Class A Dec 2007,,,,,,
-109.5143,40.86765,Bigfoot Report Class A Dec 2008,,,,,,
-79.4593,39.10023,Bigfoot Report Class A Dec 2008,,,,,,
-120.2955,47.35305,Bigfoot Report Class A Feb 1973?,,,,,,
-114.3957,55.26332,Bigfoot Report Class A Feb 1976,,,,,,
-81.27132,39.88653,Bigfoot Report Class A Feb 1977,,,,,,
-95.0802,37.0504,Bigfoot Report Class A Feb 1978,,,,,,
-81.20629,41.44442,Bigfoot Report Class A Feb 1978,,,,,,
-124.0133,46.2262,Bigfoot Report Class A Feb 1978-79,,,,,,
-116.0834,44.58335,Bigfoot Report Class A Feb 1979,,,,,,
-124.2,40.1,Bigfoot Report Class A Feb 1980,,,,,,
-83.0452,36.9265,Bigfoot Report Class A Feb 1981,,,,,,
-82.71107,38.60551,Bigfoot Report Class A Feb 1991,,,,,,
-95.8775,33.46333,Bigfoot Report Class A Feb 1992,,,,,,
-122.4076,45.8911,Bigfoot Report Class A Feb 1993,,,,,,
-81.35575,40.74065,Bigfoot Report Class A Feb 1995,,,,,,
-82.98365,29.6699,Bigfoot Report Class A Feb 1998,,,,,,
-77.93121,42.09785,Bigfoot Report Class A Feb 1998,,,,,,
-83.18583,43.41444,Bigfoot Report Class A Feb 1999,,,,,,
-87.09069,31.16,Bigfoot Report Class A Feb 2000,,,,,,
-93.9475,33.18639,Bigfoot Report Class A Feb 2000,,,,,,
-93.63804,41.62183,Bigfoot Report Class A Feb 2000,,,,,,
-93.06226,45.1836,Bigfoot Report Class A Feb 2000,,,,,,
-80.76735,41.36755,Bigfoot Report Class A Feb 2000,,,,,,
-102.6922,31.27278,Bigfoot Report Class A Feb 2000,,,,,,
-121.6647,47.7853,Bigfoot Report Class A Feb 2000,,,,,,
-107.0671,39.3375,Bigfoot Report Class A Feb 2001,,,,,,
-81.25768,40.77789,Bigfoot Report Class A Feb 2001,,,,,,
-113.7382,37.182,Bigfoot Report Class A Feb 2002,,,,,,
-85.76891,30.7599,Bigfoot Report Class A Feb 2003,,,,,,
-84.33998,36.66257,Bigfoot Report Class A Feb 2003,,,,,,
-83.51394,39.96627,Bigfoot Report Class A Feb 2003,,,,,,
-132.8202,55.2035,Bigfoot Report Class A Feb 2004,,,,,,
-149.7853,61.0595,Bigfoot Report Class A Feb 2004,,,,,,
-102.701,47.72964,Bigfoot Report Class A Feb 2004,,,,,,
-123.2054,49.94374,Bigfoot Report Class A Feb 2005,,,,,,
-81.22075,41.57231,Bigfoot Report Class A Feb 2005,,,,,,
-84.36874,39.63662,Bigfoot Report Class A Feb 2005,,,,,,
-95.46671,32.85232,Bigfoot Report Class A Feb 2006,,,,,,
-109.44,34.6,Bigfoot Report Class A Feb 2007,,,,,,
-84.97515,33.81029,Bigfoot Report Class A Feb 2007,,,,,,
-74.85561,40.8192,Bigfoot Report Class A Feb 2007,,,,,,
-81.89905,30.10851,Bigfoot Report Class A Feb 2008,,,,,,
-86.6575,34.71139,Bigfoot Report Class A Feb 2009,,,,,,
-82.28279,38.16391,Bigfoot Report Class A Feb 2009,,,,,,
-78.377,41.01865,Bigfoot Report Class A Jan 1921,,,,,,
-80.1937,26.27395,Bigfoot Report Class A Jan 1975,,,,,,
-120.1211,48.36361,Bigfoot Report Class A Jan 1976,,,,,,
-85.95865,46.34575,Bigfoot Report Class A Jan 1977-1978,,,,,,
-81.9755,27.7752,Bigfoot Report Class A Jan 1978,,,,,,
-82.80257,40.4764,Bigfoot Report Class A Jan 1978,,,,,,
-123.85,41.65,Bigfoot Report Class A Jan 1979,,,,,,
-85.35995,31.86801,Bigfoot Report Class A Jan 1980,,,,,,
-122.0958,48.11556,Bigfoot Report Class A Jan 1980,,,,,,
-86.9648,30.84015,Bigfoot Report Class A Jan 1982,,,,,,
-90.729,42.466,Bigfoot Report Class A Jan 1982,,,,,,
-97.45694,35.64389,Bigfoot Report Class A Jan 1982,,,,,,
-119.9833,38.93333,Bigfoot Report Class A Jan 1983,,,,,,
-82.28814,40.05998,Bigfoot Report Class A Jan 1984,,,,,,
-111.05,41.25,Bigfoot Report Class A Jan 1984,,,,,,
-90.51056,36.12083,Bigfoot Report Class A Jan 1988,,,,,,
-95.61056,32.69028,Bigfoot Report Class A Jan 1992 or 93,,,,,,
-88.9949,36.9372,Bigfoot Report Class A Jan 1993,,,,,,
-123.7727,46.94102,Bigfoot Report Class A Jan 1995,,,,,,
-121.9584,44.5295,Bigfoot Report Class A Jan 1996,,,,,,
-88.08305,31.4515,Bigfoot Report Class A Jan 1997,,,,,,
-90.8022,33.56555,Bigfoot Report Class A Jan 1998,,,,,,
-94.63458,31.91708,Bigfoot Report Class A Jan 1998,,,,,,
-79.3434,38.87813,Bigfoot Report Class A Jan 1998,,,,,,
-81.19445,27.99245,Bigfoot Report Class A Jan 1999,,,,,,
-85.4258,32.6218,Bigfoot Report Class A Jan 2000,,,,,,
-93.886,33.26666,Bigfoot Report Class A Jan 2000,,,,,,
-82.42,29.098,Bigfoot Report Class A Jan 2000,,,,,,
-95.01167,34.39639,Bigfoot Report Class A Jan 2000,,,,,,
-94.84861,34.61361,Bigfoot Report Class A Jan 2000,,,,,,
-117.9592,46.48917,Bigfoot Report Class A Jan 2000,,,,,,
-106.8583,37.025,Bigfoot Report Class A Jan 2001,,,,,,
-82.24487,28.14617,Bigfoot Report Class A Jan 2001,,,,,,
-82.7989,38.53187,Bigfoot Report Class A Jan 2001,,,,,,
-122.1884,45.55364,Bigfoot Report Class A Jan 2002,,,,,,
-78.23962,43.34806,Bigfoot Report Class A Jan 2003,,,,,,
-97.33528,35.27639,Bigfoot Report Class A Jan 2003,,,,,,
-93.972,30.83315,Bigfoot Report Class A Jan 2003,,,,,,
-121.0161,39.26361,Bigfoot Report Class A Jan 2004,,,,,,
-80.8044,27.3973,Bigfoot Report Class A Jan 2004,,,,,,
-94.85,30.26667,Bigfoot Report Class A Jan 2004,,,,,,
-95.3,30.63333,Bigfoot Report Class A Jan 2004,,,,,,
-104.4801,36.9934,Bigfoot Report Class A Jan 2005,,,,,,
-107.3956,36.72065,Bigfoot Report Class A Jan 2005,,,,,,
-82.87663,40.50945,Bigfoot Report Class A Jan 2005,,,,,,
-98.62833,34.62944,Bigfoot Report Class A Jan 2005,,,,,,
-95.63,30.6,Bigfoot Report Class A Jan 2005,,,,,,
-90.7221,44.3801,Bigfoot Report Class A Jan 2005,,,,,,
-119.8664,49.09555,Bigfoot Report Class A Jan 2006,,,,,,
-88.19894,34.60905,Bigfoot Report Class A Jan 2006,,,,,,
-79.9167,40.5833,Bigfoot Report Class A Jan 2006,,,,,,
-85.705,32.43,Bigfoot Report Class A Jan 2007,,,,,,
-109.675,32.815,Bigfoot Report Class A Jan 2007,,,,,,
-80.316,33.096,Bigfoot Report Class A Jan 2007,,,,,,
-79.3762,38.835,Bigfoot Report Class A Jan 2007,,,,,,
-122.5322,45.7811,Bigfoot Report Class A Jan 83 or 84,,,,,,
-122.1652,46.766,Bigfoot Report Class A Jan early 90's,,,,,,
-121.475,49.125,Bigfoot Report Class A Jul 1934,,,,,,
-123.1875,46.1911,Bigfoot Report Class A Jul 1952-53,,,,,,
-122.1954,43.31815,Bigfoot Report Class A Jul 1956,,,,,,
-77.36115,38.52019,Bigfoot Report Class A Jul 1957,,,,,,
-123.0966,47.1305,Bigfoot Report Class A Jul 1960,,,,,,
-77.27178,39.76366,Bigfoot Report Class A Jul 1961,,,,,,
-81.41267,31.08925,Bigfoot Report Class A Jul 1963,,,,,,
-82.29486,40.85035,Bigfoot Report Class A Jul 1963,,,,,,
-123.8692,40.26639,Bigfoot Report Class A Jul 1965,,,,,,
-121.58,39.205,Bigfoot Report Class A Jul 1965,,,,,,
-83.27139,43.94111,Bigfoot Report Class A Jul 1965,,,,,,
-87.98718,46.01398,Bigfoot Report Class A Jul 1965,,,,,,
-121.2309,47.3338,Bigfoot Report Class A Jul 1965,,,,,,
-116.8381,48.18611,Bigfoot Report Class A Jul 1967,,,,,,
-92.09264,36.97061,Bigfoot Report Class A Jul 1967,,,,,,
-118.9665,44.08,Bigfoot Report Class A Jul 1968?,,,,,,
-98.3298,32.8269,Bigfoot Report Class A Jul 1969,,,,,,
-88.16701,46.5244,Bigfoot Report Class A Jul 1971,,,,,,
-91.093,39.3735,Bigfoot Report Class A Jul 1972,,,,,,
-95.65417,34.81417,Bigfoot Report Class A Jul 1972,,,,,,
-86.1084,40.0403,Bigfoot Report Class A Jul 1973,,,,,,
-120.6781,41.41,Bigfoot Report Class A Jul 1974,,,,,,
-119.8076,49.73385,Bigfoot Report Class A Jul 1974,,,,,,
-92.64423,33.2467,Bigfoot Report Class A Jul 1975,,,,,,
-85.69739,40.54919,Bigfoot Report Class A Jul 1975,,,,,,
-93.65774,36.67065,Bigfoot Report Class A Jul 1975,,,,,,
-123.3833,42.375,Bigfoot Report Class A Jul 1975,,,,,,
-95.52722,30.61667,Bigfoot Report Class A Jul 1975,,,,,,
-83.0556,40.26494,Bigfoot Report Class A Jul 1976,,,,,,
-110.1835,31.99003,Bigfoot Report Class A Jul 1977,,,,,,
-119.2642,38.04806,Bigfoot Report Class A Jul 1977,,,,,,
-105.1146,38.826,Bigfoot Report Class A Jul 1977,,,,,,
-83.25562,37.37814,Bigfoot Report Class A Jul 1977,,,,,,
-122.4133,46.803,Bigfoot Report Class A Jul 1977,,,,,,
-119.9811,38.19753,Bigfoot Report Class A Jul 1978,,,,,,
-80.13215,27.0099,Bigfoot Report Class A Jul 1978,,,,,,
-97.60829,37.52947,Bigfoot Report Class A Jul 1978,,,,,,
-95.747,39.072,Bigfoot Report Class A Jul 1978,,,,,,
-111.9094,47.12806,Bigfoot Report Class A Jul 1978,,,,,,
-81.51075,40.67979,Bigfoot Report Class A Jul 1978 to 1980,,,,,,
-80.21025,26.08285,Bigfoot Report Class A Jul 1980,,,,,,
-81.62275,29.10635,Bigfoot Report Class A Jul 1980,,,,,,
-96.9614,39.1489,Bigfoot Report Class A Jul 1980,,,,,,
-93.2952,31.14195,Bigfoot Report Class A Jul 1980,,,,,,
-83.11422,39.49265,Bigfoot Report Class A Jul 1980,,,,,,
-82.2244,39.4484,Bigfoot Report Class A Jul 1980,,,,,,
-89.689,41.7798,Bigfoot Report Class A Jul 1980-81,,,,,,
-122.1629,42.8673,Bigfoot Report Class A Jul 1980s,,,,,,
-79.1338,45.01904,Bigfoot Report Class A Jul 1981,,,,,,
-115.9167,44.75,Bigfoot Report Class A Jul 1981,,,,,,
-81.1438,41.7164,Bigfoot Report Class A Jul 1981,,,,,,
-117.8106,48.78389,Bigfoot Report Class A Jul 1981,,,,,,
-91.49319,46.10445,Bigfoot Report Class A Jul 1981,,,,,,
-93.5577,38.0944,Bigfoot Report Class A Jul 1982,,,,,,
-123.3261,48.0985,Bigfoot Report Class A Jul 1982,,,,,,
-94.3677,42.0152,Bigfoot Report Class A Jul 1983,,,,,,
-88.595,41.295,Bigfoot Report Class A Jul 1983,,,,,,
-88.7829,45.56326,Bigfoot Report Class A Jul 1983,,,,,,
-84.2532,33.32442,Bigfoot Report Class A Jul 1984,,,,,,
-81.54855,39.46019,Bigfoot Report Class A Jul 1984,,,,,,
-117.7619,48.65528,Bigfoot Report Class A Jul 1984,,,,,,
-124.7312,48.1609,Bigfoot Report Class A Jul 1984,,,,,,
-123.1175,46.1903,Bigfoot Report Class A Jul 1984,,,,,,
-123.8161,46.98621,Bigfoot Report Class A Jul 1984,,,,,,
-87.24547,32.30673,Bigfoot Report Class A Jul 1985,,,,,,
-118.398,51.05747,Bigfoot Report Class A Jul 1985,,,,,,
-92.3495,31.3904,Bigfoot Report Class A Jul 1985,,,,,,
-91.51306,35.44944,Bigfoot Report Class A Jul 1986,,,,,,
-94.5176,52.6752,Bigfoot Report Class A Jul 1986,,,,,,
-104.875,38.716,Bigfoot Report Class A Jul 1986,,,,,,
-83.80582,38.81772,Bigfoot Report Class A Jul 1986,,,,,,
-85.31646,34.42654,Bigfoot Report Class A Jul 1987,,,,,,
-83.11639,34.65375,Bigfoot Report Class A Jul 1987,,,,,,
-87.38542,36.12318,Bigfoot Report Class A Jul 1987,,,,,,
-87.4769,36.1124,Bigfoot Report Class A Jul 1987,,,,,,
-122.1183,46.75468,Bigfoot Report Class A Jul 1987,,,,,,
-80.60419,38.32548,Bigfoot Report Class A Jul 1987,,,,,,
-79.43762,39.0417,Bigfoot Report Class A Jul 1987,,,,,,
-94.356,35.09306,Bigfoot Report Class A Jul 1988,,,,,,
-122.0447,47.9817,Bigfoot Report Class A Jul 1988,,,,,,
-111.938,35.656,Bigfoot Report Class A Jul 1990,,,,,,
-108.5417,40.45418,Bigfoot Report Class A Jul 1991,,,,,,
-86.98705,37.05575,Bigfoot Report Class A Jul 1991,,,,,,
-80.93665,41.81835,Bigfoot Report Class A Jul 1991,,,,,,
-118.2742,45.3233,Bigfoot Report Class A Jul 1991,,,,,,
-121.5478,46.295,Bigfoot Report Class A Jul 1991,,,,,,
-124,40.465,Bigfoot Report Class A Jul 1992,,,,,,
-84.1293,31.43265,Bigfoot Report Class A Jul 1992,,,,,,
-79.77946,38.05408,Bigfoot Report Class A Jul 1992,,,,,,
-116.8625,33.2675,Bigfoot Report Class A Jul 1993,,,,,,
-84.2552,37.53705,Bigfoot Report Class A Jul 1993,,,,,,
-78.53718,38.36911,Bigfoot Report Class A Jul 1993,,,,,,
-93.74,36.41,Bigfoot Report Class A Jul 1994,,,,,,
-112.702,46.83285,Bigfoot Report Class A Jul 1994,,,,,,
-89.98351,39.06,Bigfoot Report Class A Jul 1994-1995,,,,,,
-81.5745,41.29621,Bigfoot Report Class A Jul 1995,,,,,,
-121.9123,45.65125,Bigfoot Report Class A Jul 1995,,,,,,
-122.533,45.12545,Bigfoot Report Class A Jul 1995,,,,,,
-123.3893,46.9782,Bigfoot Report Class A Jul 1995,,,,,,
-85.12705,33.26885,Bigfoot Report Class A Jul 1996,,,,,,
-87.42407,46.47182,Bigfoot Report Class A Jul 1996,,,,,,
-103.398,42.5893,Bigfoot Report Class A Jul 1996,,,,,,
-106.5123,37.32255,Bigfoot Report Class A Jul 1997,,,,,,
-81.29691,25.91695,Bigfoot Report Class A Jul 1997,,,,,,
-81.9233,29.19395,Bigfoot Report Class A Jul 1997,,,,,,
-112.455,44.0925,Bigfoot Report Class A Jul 1997,,,,,,
-93.894,37.117,Bigfoot Report Class A Jul 1997,,,,,,
-82.23988,40.59935,Bigfoot Report Class A Jul 1997,,,,,,
-96.75361,33.89444,Bigfoot Report Class A Jul 1997,,,,,,
-97.479,35.74111,Bigfoot Report Class A Jul 1997,,,,,,
-123.8792,47.41306,Bigfoot Report Class A Jul 1997,,,,,,
-122.5344,47.763,Bigfoot Report Class A Jul 1997,,,,,,
-110.0042,44.50132,Bigfoot Report Class A Jul 1997,,,,,,
-107.7667,37.75417,Bigfoot Report Class A Jul 1998,,,,,,
-105.1137,38.0654,Bigfoot Report Class A Jul 1998,,,,,,
-74.43445,39.60835,Bigfoot Report Class A Jul 1998,,,,,,
-82.36887,39.58157,Bigfoot Report Class A Jul 1998,,,,,,
-80.51186,41.05304,Bigfoot Report Class A Jul 1998,,,,,,
-87.32655,33.28375,Bigfoot Report Class A Jul 1999,,,,,,
-84.869,33.5388,Bigfoot Report Class A Jul 1999,,,,,,
-110.8069,45.66722,Bigfoot Report Class A Jul 1999,,,,,,
-77.50434,34.53784,Bigfoot Report Class A Jul 1999,,,,,,
-97.21555,35.42014,Bigfoot Report Class A Jul 1999,,,,,,
-120.205,38.93,Bigfoot Report Class A Jul 2000,,,,,,
-123.1317,41.3657,Bigfoot Report Class A Jul 2000,,,,,,
-94.65639,34.44333,Bigfoot Report Class A Jul 2000,,,,,,
-121.9524,44.27795,Bigfoot Report Class A Jul 2000,,,,,,
-100.5,36,Bigfoot Report Class A Jul 2000,,,,,,
-109.5113,44.48134,Bigfoot Report Class A Jul 2000,,,,,,
-92.03389,33.82111,Bigfoot Report Class A Jul 2001,,,,,,
-80.57593,40.68935,Bigfoot Report Class A Jul 2001,,,,,,
-122.8294,46.0471,Bigfoot Report Class A Jul 2001,,,,,,
-67.05334,45.6746,Bigfoot Report Class A Jul 2002,,,,,,
-78.4048,35.5311,Bigfoot Report Class A Jul 2002,,,,,,
-84.79429,39.37509,Bigfoot Report Class A Jul 2002,,,,,,
-83.6118,40.6445,Bigfoot Report Class A Jul 2002,,,,,,
-123.6416,42.24165,Bigfoot Report Class A Jul 2002,,,,,,
-121.9418,47.13485,Bigfoot Report Class A Jul 2002,,,,,,
-110.4165,46.79165,Bigfoot Report Class A Jul 2002,,,,,,
-110.4165,46.79165,Bigfoot Report Class A Jul 2002,,,,,,
-120.0133,38.85556,Bigfoot Report Class A Jul 2003,,,,,,
-81.771,30.069,Bigfoot Report Class A Jul 2003,,,,,,
-81.98721,39.90416,Bigfoot Report Class A Jul 2003,,,,,,
-86.465,35.11417,Bigfoot Report Class A Jul 2003,,,,,,
-84.48414,35.18597,Bigfoot Report Class A Jul 2003,,,,,,
-95.28653,30.3343,Bigfoot Report Class A Jul 2003,,,,,,
-82.83278,38.02653,Bigfoot Report Class A Jul 2003-2004,,,,,,
-91.68192,42.28422,Bigfoot Report Class A Jul 2004,,,,,,
-90.16171,38.92241,Bigfoot Report Class A Jul 2004,,,,,,
-93.02428,47.27147,Bigfoot Report Class A Jul 2004,,,,,,
-114.0717,47.06032,Bigfoot Report Class A Jul 2004,,,,,,
-105.7947,33.15405,Bigfoot Report Class A Jul 2004,,,,,,
-122.475,42.6,Bigfoot Report Class A Jul 2004,,,,,,
-123.9718,47.3631,Bigfoot Report Class A Jul 2004,,,,,,
-116.8368,46.8102,Bigfoot Report Class A Jul 2005,,,,,,
-87.89472,36.75139,Bigfoot Report Class A Jul 2005,,,,,,
-83.95846,37.0787,Bigfoot Report Class A Jul 2005,,,,,,
-97.00389,35.68583,Bigfoot Report Class A Jul 2005,,,,,,
-76.804,41.4065,Bigfoot Report Class A Jul 2005,,,,,,
-81.61264,32.98597,Bigfoot Report Class A Jul 2005,,,,,,
-82.829,35.892,Bigfoot Report Class A Jul 2005-06,,,,,,
-82.44749,28.252,Bigfoot Report Class A Jul 2006,,,,,,
-81.90216,30.03432,Bigfoot Report Class A Jul 2006,,,,,,
-81.7268,29.3143,Bigfoot Report Class A Jul 2006,,,,,,
-87.344,37.6095,Bigfoot Report Class A Jul 2006,,,,,,
-94.856,39.859,Bigfoot Report Class A Jul 2006,,,,,,
-79.7668,40.5278,Bigfoot Report Class A Jul 2006,,,,,,
-81.70641,38.2128,Bigfoot Report Class A Jul 2006,,,,,,
-81.1271,37.32091,Bigfoot Report Class A Jul 2006,,,,,,
-86.5,33.59,Bigfoot Report Class A Jul 2007,,,,,,
-81.90477,28.78028,Bigfoot Report Class A Jul 2007,,,,,,
-84.73555,33.2706,Bigfoot Report Class A Jul 2007,,,,,,
-79.3686,38.835,Bigfoot Report Class A Jul 2007,,,,,,
-79.47325,38.8926,Bigfoot Report Class A Jul 2007,,,,,,
-123.3899,39.51489,Bigfoot Report Class A Jul 2008,,,,,,
-83.26071,31.17384,Bigfoot Report Class A Jul 2008,,,,,,
-122.3234,47.4506,Bigfoot Report Class A Jul 2008,,,,,,
-123.8343,47.50319,Bigfoot Report Class A Jul 2008,,,,,,
-90.42001,45.73271,Bigfoot Report Class A Jul 2008,,,,,,
-147.8142,64.89139,Bigfoot Report Class A Jul 2009,,,,,,
-120.2083,38.79998,Bigfoot Report Class A Jul 2009,,,,,,
-84.5317,33.49565,Bigfoot Report Class A Jul 2009,,,,,,
-86.15759,36.25466,Bigfoot Report Class A Jul 2010,,,,,,
-80.21295,26.5931,Bigfoot Report Class A Jul 74-75,,,,,,
-88.14999,33.13,Bigfoot Report Class A Jun 1958,,,,,,
-116.25,42.79166,Bigfoot Report Class A Jun 1963,,,,,,
-93.83426,35.9975,Bigfoot Report Class A Jun 1970,,,,,,
-80.156,33.007,Bigfoot Report Class A Jun 1970,,,,,,
-91.2,36.6,Bigfoot Report Class A Jun 1971,,,,,,
-80.57164,40.6807,Bigfoot Report Class A Jun 1971,,,,,,
-122.3876,45.4237,Bigfoot Report Class A Jun 1971,,,,,,
-85,34,Bigfoot Report Class A Jun 1974,,,,,,
-116.9156,45.9978,Bigfoot Report Class A Jun 1974,,,,,,
-118.42,45.5,Bigfoot Report Class A Jun 1976,,,,,,
-118.1253,45.9957,Bigfoot Report Class A Jun 1976,,,,,,
-120.8908,39.21278,Bigfoot Report Class A Jun 1978,,,,,,
-83.4192,34.6423,Bigfoot Report Class A Jun 1978,,,,,,
-82.29162,39.78594,Bigfoot Report Class A Jun 1978,,,,,,
-82.82576,40.46339,Bigfoot Report Class A Jun 1978,,,,,,
-123.8763,47.4259,Bigfoot Report Class A Jun 1978,,,,,,
-88.55,41.33,Bigfoot Report Class A Jun 1979,,,,,,
-84.87524,45.91515,Bigfoot Report Class A Jun 1979,,,,,,
-90.32,35.0194,Bigfoot Report Class A Jun 1980,,,,,,
-86.7074,35.6753,Bigfoot Report Class A Jun 1980,,,,,,
-121.3819,48.1472,Bigfoot Report Class A Jun 1980,,,,,,
-80.55217,40.76533,Bigfoot Report Class A Jun 1980/82,,,,,,
-86.64338,38.12318,Bigfoot Report Class A Jun 1981,,,,,,
-91.01565,30.49905,Bigfoot Report Class A Jun 1982,,,,,,
-123.6288,46.9705,Bigfoot Report Class A Jun 1982,,,,,,
-123.2902,47.00625,Bigfoot Report Class A Jun 1982,,,,,,
-82.6053,28.3836,Bigfoot Report Class A Jun 1984,,,,,,
-82.45165,27.7068,Bigfoot Report Class A Jun 1984,,,,,,
-92.9282,39.7557,Bigfoot Report Class A Jun 1984,,,,,,
-82.93085,38.79215,Bigfoot Report Class A Jun 1985,,,,,,
-93.75313,35.34572,Bigfoot Report Class A Jun 1986,,,,,,
-121.7146,36.3779,Bigfoot Report Class A Jun 1986,,,,,,
-92.97639,38.04414,Bigfoot Report Class A Jun 1986,,,,,,
-93.13545,37.07354,Bigfoot Report Class A Jun 1988,,,,,,
-122.7063,47.7613,Bigfoot Report Class A Jun 1988,,,,,,
-122.4089,45.8581,Bigfoot Report Class A Jun 1989,,,,,,
-79.75644,35.30773,Bigfoot Report Class A Jun 1990,,,,,,
-121.7713,47.1826,Bigfoot Report Class A Jun 1990,,,,,,
-121.9256,46.3105,Bigfoot Report Class A Jun 1990-1991,,,,,,
-120.201,36.7818,Bigfoot Report Class A Jun 1991,,,,,,
-122.6667,40.7333,Bigfoot Report Class A Jun 1991,,,,,,
-82.55556,29.4179,Bigfoot Report Class A Jun 1991,,,,,,
-122.3454,47.5279,Bigfoot Report Class A Jun 1991,,,,,,
-122.1767,46.71833,Bigfoot Report Class A Jun 1991,,,,,,
-96.30222,34.29861,Bigfoot Report Class A Jun 1992,,,,,,
-119.8633,38.26661,Bigfoot Report Class A Jun 1993,,,,,,
-86.5228,46.3126,Bigfoot Report Class A Jun 1993,,,,,,
-111.125,45.22417,Bigfoot Report Class A Jun 1993,,,,,,
-121.9165,45.33,Bigfoot Report Class A Jun 1993,,,,,,
-106.4917,37.30833,Bigfoot Report Class A Jun 1994,,,,,,
-119.9065,38.17677,Bigfoot Report Class A Jun 1994;1995,,,,,,
-106.2583,39.24998,Bigfoot Report Class A Jun 1994/95?,,,,,,
-121.4642,47.01278,Bigfoot Report Class A Jun 1995,,,,,,
-106.6535,40.4521,Bigfoot Report Class A Jun 1996,,,,,,
-122.2988,46.5579,Bigfoot Report Class A Jun 1996,,,,,,
-105.2155,39.11636,Bigfoot Report Class A Jun 1997,,,,,,
-91.6533,39.8397,Bigfoot Report Class A Jun 1997,,,,,,
-83.00142,39.89203,Bigfoot Report Class A Jun 1997,,,,,,
-115.8742,52.51666,Bigfoot Report Class A Jun 1998,,,,,,
-107.9514,39.16305,Bigfoot Report Class A Jun 1999,,,,,,
-86.161,39.4862,Bigfoot Report Class A Jun 1999,,,,,,
-121.9008,47.6068,Bigfoot Report Class A Jun 1999,,,,,,
-142.9,61.5,Bigfoot Report Class A Jun 2000,,,,,,
-119.9833,38.93333,Bigfoot Report Class A Jun 2000,,,,,,
-86.6913,30.56775,Bigfoot Report Class A Jun 2000,,,,,,
-93.77783,40.59604,Bigfoot Report Class A Jun 2000,,,,,,
-105.7395,33.27735,Bigfoot Report Class A Jun 2000,,,,,,
-82.70263,39.74107,Bigfoot Report Class A Jun 2000,,,,,,
-109.4276,36.09081,Bigfoot Report Class A Jun 2001,,,,,,
-122.2703,41.21361,Bigfoot Report Class A Jun 2001,,,,,,
-104.9917,38.9006,Bigfoot Report Class A Jun 2001,,,,,,
-84.80138,39.37215,Bigfoot Report Class A Jun 2001,,,,,,
-98.34056,35.10278,Bigfoot Report Class A Jun 2001,,,,,,
-124.3,42.08,Bigfoot Report Class A Jun 2001,,,,,,
-95.21667,32.18333,Bigfoot Report Class A Jun 2001,,,,,,
-95.6669,31.6212,Bigfoot Report Class A Jun 2001,,,,,,
-121.3055,46.0722,Bigfoot Report Class A Jun 2001,,,,,,
-89.9905,45.0902,Bigfoot Report Class A Jun 2001,,,,,,
-85.34194,43.235,Bigfoot Report Class A Jun 2002,,,,,,
-108.87,36.126,Bigfoot Report Class A Jun 2002,,,,,,
-84.09158,39.74961,Bigfoot Report Class A Jun 2002,,,,,,
-123.449,42.39031,Bigfoot Report Class A Jun 2002,,,,,,
-87.31821,33.26035,Bigfoot Report Class A Jun 2003,,,,,,
-98.13028,35.33389,Bigfoot Report Class A Jun 2003,,,,,,
-122.095,44.7679,Bigfoot Report Class A Jun 2003,,,,,,
-141.5667,62.9375,Bigfoot Report Class A Jun 2004,,,,,,
-81.80878,29.43465,Bigfoot Report Class A Jun 2004,,,,,,
-92.411,38.305,Bigfoot Report Class A Jun 2004,,,,,,
-88.864,32.1806,Bigfoot Report Class A Jun 2004,,,,,,
-80.0616,35.4449,Bigfoot Report Class A Jun 2004,,,,,,
-121.6009,43.74251,Bigfoot Report Class A Jun 2004,,,,,,
-85.625,33.35,Bigfoot Report Class A Jun 2005,,,,,,
-123.8562,49.51069,Bigfoot Report Class A Jun 2005,,,,,,
-121.3976,49.62125,Bigfoot Report Class A Jun 2005,,,,,,
-81.33,25.927,Bigfoot Report Class A Jun 2005,,,,,,
-81.94118,30.11584,Bigfoot Report Class A Jun 2005,,,,,,
-88.562,41.3368,Bigfoot Report Class A Jun 2005,,,,,,
-88.562,41.3368,Bigfoot Report Class A Jun 2005,,,,,,
-122.1384,44.56625,Bigfoot Report Class A Jun 2005,,,,,,
-123.4034,42.354,Bigfoot Report Class A Jun 2005,,,,,,
-121.9749,47.7393,Bigfoot Report Class A Jun 2005,,,,,,
-118.9166,37.58325,Bigfoot Report Class A Jun 2006,,,,,,
-124.2872,48.83319,Bigfoot Report Class A Jun 2006,,,,,,
-64.4627,45.98335,Bigfoot Report Class A Jun 2006,,,,,,
-84.78979,33.80785,Bigfoot Report Class A Jun 2006,,,,,,
-89.54485,38.4763,Bigfoot Report Class A Jun 2006,,,,,,
-122.4966,47.74897,Bigfoot Report Class A Jun 2006,,,,,,
-119.187,48.32956,Bigfoot Report Class A Jun 2006,,,,,,
-88.8497,46.7691,Bigfoot Report Class A Jun 2007,,,,,,
-80.51374,38.33109,Bigfoot Report Class A Jun 2007,,,,,,
-79.4016,38.8409,Bigfoot Report Class A Jun 2007,,,,,,
-83.46259,38.05703,Bigfoot Report Class A Jun 2008,,,,,,
-123.1749,41.98645,Bigfoot Report Class A Jun 2009,,,,,,
-106.496,37.37285,Bigfoot Report Class A Jun 2009,,,,,,
-84.48006,34.31955,Bigfoot Report Class A Jun 2009,,,,,,
-73.87915,41.94512,Bigfoot Report Class A Jun 2009,,,,,,
-95.94727,35.2933,Bigfoot Report Class A Jun 2009,,,,,,
-92.4054,31.3058,Bigfoot Report Class A Jun Early 1980s,,,,,,
-79.8765,40.357,Bigfoot Report Class A Jun Mid 80's,,,,,,
-82.86789,34.06705,Bigfoot Report Class A Jun Ongoing,,,,,,
-83.66641,36.7999,Bigfoot Report Class A Late 1950's,,,,,,
-92.37835,31.3799,Bigfoot Report Class A Late 1970s,,,,,,
-85.95136,30.9854,Bigfoot Report Class A Late 1980s,,,,,,
-105.2146,39.0465,Bigfoot Report Class A Late 70's,,,,,,
-82.52655,28.5716,Bigfoot Report Class A Late 80's,,,,,,
-121.525,49.175,Bigfoot Report Class A Mar 1934,,,,,,
-123.35,41.75,Bigfoot Report Class A Mar 1967,,,,,,
-119.3172,46.23361,Bigfoot Report Class A Mar 1967,,,,,,
-122.0144,45.66194,Bigfoot Report Class A Mar 1969,,,,,,
-77.9407,39.5392,Bigfoot Report Class A Mar 1970's,,,,,,
-95.01264,31.90791,Bigfoot Report Class A Mar 1974,,,,,,
-122.0505,44.23861,Bigfoot Report Class A Mar 1977,,,,,,
-84.06565,40.73412,Bigfoot Report Class A Mar 1987,,,,,,
-84.0458,35.3538,Bigfoot Report Class A Mar 1987,,,,,,
-121.8943,47.87725,Bigfoot Report Class A Mar 1987,,,,,,
-120.0745,48.321,Bigfoot Report Class A Mar 1987,,,,,,
-82.287,35.451,Bigfoot Report Class A Mar 1991,,,,,,
-98.31556,34.9575,Bigfoot Report Class A Mar 1992,,,,,,
-91.87,36.37111,Bigfoot Report Class A Mar 1997,,,,,,
-80.82856,37.29854,Bigfoot Report Class A Mar 1997,,,,,,
-122.4306,41.45833,Bigfoot Report Class A Mar 1999,,,,,,
-80.93504,28.3609,Bigfoot Report Class A Mar 1999,,,,,,
-94.70667,34.78833,Bigfoot Report Class A Mar 2000,,,,,,
-90.0411,44.6543,Bigfoot Report Class A Mar 2000,,,,,,
-116.0426,50.84333,Bigfoot Report Class A Mar 2001,,,,,,
-81.33974,41.39803,Bigfoot Report Class A Mar 2001,,,,,,
-124.3,42.07,Bigfoot Report Class A Mar 2001,,,,,,
-97.8375,33.29083,Bigfoot Report Class A Mar 2001,,,,,,
-118.0711,46.03944,Bigfoot Report Class A Mar 2001,,,,,,
-118.0519,46.0675,Bigfoot Report Class A Mar 2001,,,,,,
-75.0116,42.36176,Bigfoot Report Class A Mar 2001-2004,,,,,,
-108.7608,36.81315,Bigfoot Report Class A Mar 2002,,,,,,
-97.3374,37.0581,Bigfoot Report Class A Mar 2003,,,,,,
-94.52,32.62389,Bigfoot Report Class A Mar 2003,,,,,,
-86.64066,33.3674,Bigfoot Report Class A Mar 2004,,,,,,
-92.40778,34.53167,Bigfoot Report Class A Mar 2004,,,,,,
-83.58,42.40611,Bigfoot Report Class A Mar 2004,,,,,,
-115.3903,47.62167,Bigfoot Report Class A Mar 2004,,,,,,
-83.9374,40.6559,Bigfoot Report Class A Mar 2004,,,,,,
-123.94,49.54,Bigfoot Report Class A Mar 2005,,,,,,
-94.70139,30.71139,Bigfoot Report Class A Mar 2005,,,,,,
-98.68465,29.56835,Bigfoot Report Class A Mar 2005,,,,,,
-81.85806,39.01972,Bigfoot Report Class A Mar 2005,,,,,,
-81.35876,27.37341,Bigfoot Report Class A Mar 2006,,,,,,
-80.926,25.141,Bigfoot Report Class A Mar 2006,,,,,,
-80.074,34.374,Bigfoot Report Class A Mar 2006,,,,,,
-79.95418,39.03496,Bigfoot Report Class A Mar 2006,,,,,,
-125.3675,49.26528,Bigfoot Report Class A Mar 2007,,,,,,
-80.9075,37.7929,Bigfoot Report Class A Mar 2008,,,,,,
-82.76431,28.19899,Bigfoot Report Class A Mar 2009,,,,,,
-87.53395,33.8957,Bigfoot Report Class A Mar 2010,,,,,,
-93.0887,31.6498,Bigfoot Report Class A Mar 92 or 93,,,,,,
-122.3055,47.14385,Bigfoot Report Class A May 1983,,,,,,
-78.55758,36.63931,Bigfoot Report Class A May 1970?,,,,,,
-122.2375,45.74639,Bigfoot Report Class A May 1972,,,,,,
-81.0651,26.01535,Bigfoot Report Class A May 1973,,,,,,
-87.58124,41.16124,Bigfoot Report Class A May 1973,,,,,,
-122.2825,47.4549,Bigfoot Report Class A May 1973,,,,,,
-123.3647,48.35765,Bigfoot Report Class A May 1974,,,,,,
-121.6769,48.21167,Bigfoot Report Class A May 1975,,,,,,
-107.8833,38.49833,Bigfoot Report Class A May 1977,,,,,,
-84.62567,39.70042,Bigfoot Report Class A May 1977,,,,,,
-109.6824,44.49817,Bigfoot Report Class A May 1978,,,,,,
-116.5333,33.95002,Bigfoot Report Class A May 1979,,,,,,
-82.32669,39.48219,Bigfoot Report Class A May 1979,,,,,,
-89.16425,45.5051,Bigfoot Report Class A May 1979,,,,,,
-118.4333,34.6167,Bigfoot Report Class A May 1980,,,,,,
-121.3314,48.2681,Bigfoot Report Class A May 1980,,,,,,
-121.8668,48.35552,Bigfoot Report Class A May 1980,,,,,,
-92.173,37.714,Bigfoot Report Class A May 1982,,,,,,
-106.8803,35.98475,Bigfoot Report Class A May 1983,,,,,,
-83.5556,40.04792,Bigfoot Report Class A May 1983,,,,,,
-122.7669,46.985,Bigfoot Report Class A May 1984,,,,,,
-86.5104,36.5802,Bigfoot Report Class A May 1986,,,,,,
-118.1303,36.05278,Bigfoot Report Class A May 1987-88,,,,,,
-110.3308,46.01833,Bigfoot Report Class A May 1989,,,,,,
-80.02915,44.15255,Bigfoot Report Class A May 1990,,,,,,
-97.04361,33.48028,Bigfoot Report Class A May 1990,,,,,,
-95.12381,30.43703,Bigfoot Report Class A May 1990,,,,,,
-122.6869,46.94913,Bigfoot Report Class A May 1990,,,,,,
-119,37.9333,Bigfoot Report Class A May 1991,,,,,,
-117.4161,48.74111,Bigfoot Report Class A May 1991,,,,,,
-118.0811,45.99215,Bigfoot Report Class A May 1992,,,,,,
-111.3481,37.8058,Bigfoot Report Class A May 1994,,,,,,
-92.385,36.33528,Bigfoot Report Class A May 1995,,,,,,
-121.51,47.0466,Bigfoot Report Class A May 1995,,,,,,
-115.9965,47.509,Bigfoot Report Class A May 1996,,,,,,
-94.72448,37.81005,Bigfoot Report Class A May 1996,,,,,,
-117.2022,45.0018,Bigfoot Report Class A May 1996,,,,,,
-111.6992,40.3857,Bigfoot Report Class A May 1996,,,,,,
-119.7084,48.95835,Bigfoot Report Class A May 1996,,,,,,
-119.7085,48.9588,Bigfoot Report Class A May 1996,,,,,,
-83.48067,34.74775,Bigfoot Report Class A May 1998,,,,,,
-90.608,39.2949,Bigfoot Report Class A May 1998,,,,,,
-84.38103,41.2625,Bigfoot Report Class A May 1998,,,,,,
-82.54968,38.79833,Bigfoot Report Class A May 1998,,,,,,
-80.38748,37.02759,Bigfoot Report Class A May 1998,,,,,,
-81.0621,28.1382,Bigfoot Report Class A May 1999,,,,,,
-86.4891,32.76967,Bigfoot Report Class A May 2000,,,,,,
-118.7402,36.0438,Bigfoot Report Class A May 2000,,,,,,
-92.53,47.5754,Bigfoot Report Class A May 2000,,,,,,
-90.0329,37.8602,Bigfoot Report Class A May 2000,,,,,,
-83.0363,39.10611,Bigfoot Report Class A May 2000,,,,,,
-82.47604,39.17029,Bigfoot Report Class A May 2000,,,,,,
-91.27056,33.7985,Bigfoot Report Class A May 2001,,,,,,
-122.9627,46.6622,Bigfoot Report Class A May 2001,,,,,,
-122.0282,47.01562,Bigfoot Report Class A May 2001,,,,,,
-106.4417,39.0917,Bigfoot Report Class A May 2002,,,,,,
-86.11,39.38,Bigfoot Report Class A May 2002,,,,,,
-85.60028,42.39472,Bigfoot Report Class A May 2002,,,,,,
-92.36145,43.80075,Bigfoot Report Class A May 2002,,,,,,
-81.85331,39.28537,Bigfoot Report Class A May 2002,,,,,,
-122.4988,46.3261,Bigfoot Report Class A May 2002,,,,,,
-122.5855,46.3758,Bigfoot Report Class A May 2002,,,,,,
-80.6616,40.42591,Bigfoot Report Class A May 2002-2004,,,,,,
-82.1013,39.64193,Bigfoot Report Class A May 2003,,,,,,
-82.0101,41.03,Bigfoot Report Class A May 2003,,,,,,
-81.56232,40.10801,Bigfoot Report Class A May 2003,,,,,,
-95.60861,32.38,Bigfoot Report Class A May 2003,,,,,,
-122.7919,47.94056,Bigfoot Report Class A May 2003,,,,,,
-75.3811,42.32921,Bigfoot Report Class A May 2004,,,,,,
-77.8768,41.7655,Bigfoot Report Class A May 2004,,,,,,
-94.79333,30.26861,Bigfoot Report Class A May 2004,,,,,,
-94.86667,30.41667,Bigfoot Report Class A May 2004,,,,,,
-92.64066,33.26462,Bigfoot Report Class A May 2005,,,,,,
-81.18352,40.71737,Bigfoot Report Class A May 2005,,,,,,
-104.9426,38.5859,Bigfoot Report Class A May 2006,,,,,,
-108.9245,42.9919,Bigfoot Report Class A May 2007,,,,,,
-90.9009,40.9452,Bigfoot Report Class A May 2008,,,,,,
-71.58914,42.01496,Bigfoot Report Class A May 2008,,,,,,
-108.892,36.08089,Bigfoot Report Class A May 2009,,,,,,
-80.71875,37.9208,Bigfoot Report Class A May 2009,,,,,,
-92.4976,31.1375,Bigfoot Report Class A Mid- to Late-1970s,,,,,,
-82.44401,40.92276,Bigfoot Report Class A Nov 1958,,,,,,
-91.96238,38.62,Bigfoot Report Class A Nov 1959 or 60,,,,,,
-121.9139,40.33556,Bigfoot Report Class A Nov 1968 or 69,,,,,,
-121.5867,46.67389,Bigfoot Report Class A Nov 1969,,,,,,
-121.5863,46.6711,Bigfoot Report Class A Nov 1969,,,,,,
-91.8043,42.7525,Bigfoot Report Class A Nov 1970,,,,,,
-93.45,32.895,Bigfoot Report Class A Nov 1971,,,,,,
-84.2114,43.79834,Bigfoot Report Class A Nov 1972,,,,,,
-118.415,44.825,Bigfoot Report Class A Nov 1973,,,,,,
-95.6491,38.3908,Bigfoot Report Class A Nov 1974,,,,,,
-96.60222,35.26808,Bigfoot Report Class A Nov 1974,,,,,,
-124.2148,42.28445,Bigfoot Report Class A Nov 1974,,,,,,
-81.83705,30.2809,Bigfoot Report Class A Nov 1975,,,,,,
-97.40294,37.64103,Bigfoot Report Class A Nov 1975,,,,,,
-95.80556,32.57306,Bigfoot Report Class A Nov 1975,,,,,,
-78.63611,35.18637,Bigfoot Report Class A Nov 1976,,,,,,
-80.58163,41.81902,Bigfoot Report Class A Nov 1976,,,,,,
-81.90875,29.1951,Bigfoot Report Class A Nov 1977,,,,,,
-80.43689,25.51665,Bigfoot Report Class A Nov 1977,,,,,,
-95.7455,37.192,Bigfoot Report Class A Nov 1977,,,,,,
-92.40895,32.8057,Bigfoot Report Class A Nov 1977,,,,,,
-93.974,41.59377,Bigfoot Report Class A Nov 1978,,,,,,
-85.41,43.21,Bigfoot Report Class A Nov 1978,,,,,,
-123.6081,46.35639,Bigfoot Report Class A Nov 1978,,,,,,
-180,39.20278,Bigfoot Report Class A Nov 1978,,,,,,
-95.00833,30.40833,Bigfoot Report Class A Nov 1978 - 1979,,,,,,
-81.39101,39.54739,Bigfoot Report Class A Nov 1978 thru 1982,,,,,,
-91.08505,31.39275,Bigfoot Report Class A Nov 1978-79,,,,,,
-86.57665,39.01166,Bigfoot Report Class A Nov 1979,,,,,,
-77.4028,42.6153,Bigfoot Report Class A Nov 1979,,,,,,
-95.83639,33.82083,Bigfoot Report Class A Nov 1979,,,,,,
-121.8211,47.05472,Bigfoot Report Class A Nov 1979,,,,,,
-95.19722,33.845,Bigfoot Report Class A Nov 1979-2003,,,,,,
-88.17885,33.13195,Bigfoot Report Class A Nov 1980,,,,,,
-83.80266,38.63454,Bigfoot Report Class A Nov 1980,,,,,,
-80.77387,40.36957,Bigfoot Report Class A Nov 1980 or 81,,,,,,
-109.29,36.54165,Bigfoot Report Class A Nov 1981,,,,,,
-93.7,30.8,Bigfoot Report Class A Nov 1981,,,,,,
-84.18491,40.24354,Bigfoot Report Class A Nov 1982,,,,,,
-121.4142,47.425,Bigfoot Report Class A Nov 1982,,,,,,
-86.4559,34.95605,Bigfoot Report Class A Nov 1983,,,,,,
-81.76041,26.15915,Bigfoot Report Class A Nov 1983,,,,,,
-78.09365,36.21335,Bigfoot Report Class A Nov 1983,,,,,,
-89.3211,41.2285,Bigfoot Report Class A Nov 1986,,,,,,
-94.35722,33.28333,Bigfoot Report Class A Nov 1986,,,,,,
-93.9467,32.7817,Bigfoot Report Class A Nov 1987,,,,,,
-95.06667,33.67056,Bigfoot Report Class A Nov 1987,,,,,,
-86.46065,39.32117,Bigfoot Report Class A Nov 1988,,,,,,
-76.946,35.998,Bigfoot Report Class A Nov 1989,,,,,,
-80.03149,38.6685,Bigfoot Report Class A Nov 1989,,,,,,
-106.6417,38.59998,Bigfoot Report Class A Nov 1990,,,,,,
-82.321,35.618,Bigfoot Report Class A Nov 1991,,,,,,
-88.16359,45.33418,Bigfoot Report Class A Nov 1992,,,,,,
-80.8368,26.06885,Bigfoot Report Class A Nov 1993,,,,,,
-84.59345,34.28745,Bigfoot Report Class A Nov 1993,,,,,,
-94.32139,33.09625,Bigfoot Report Class A Nov 1993,,,,,,
-80.26915,35.2256,Bigfoot Report Class A Nov 1994,,,,,,
-114.4419,50.4023,Bigfoot Report Class A Nov 1995,,,,,,
-105.298,40.00817,Bigfoot Report Class A Nov 1995,,,,,,
-123.875,43.54165,Bigfoot Report Class A Nov 1995,,,,,,
-93.89135,33.14759,Bigfoot Report Class A Nov 1996,,,,,,
-87.96917,37.75972,Bigfoot Report Class A Nov 1996,,,,,,
-94.68028,34.36778,Bigfoot Report Class A Nov 1996,,,,,,
-123.8793,46.7818,Bigfoot Report Class A Nov 1996,,,,,,
-97.03333,35.97389,Bigfoot Report Class A Nov 1996-1997,,,,,,
-119.836,38.28085,Bigfoot Report Class A Nov 1997,,,,,,
-104.9743,38.8993,Bigfoot Report Class A Nov 1997,,,,,,
-84.58583,43.74,Bigfoot Report Class A Nov 1997,,,,,,
-79.03025,36.31625,Bigfoot Report Class A Nov 1997,,,,,,
-74.59959,41.14652,Bigfoot Report Class A Nov 1997,,,,,,
-123.3768,45.59669,Bigfoot Report Class A Nov 1997,,,,,,
-112.5,38,Bigfoot Report Class A Nov 1997,,,,,,
-121.4642,47.01278,Bigfoot Report Class A Nov 1997,,,,,,
-122.1572,46.15194,Bigfoot Report Class A Nov 1997,,,,,,
-91.71295,45.5,Bigfoot Report Class A Nov 1997,,,,,,
-90.51659,45.78177,Bigfoot Report Class A Nov 1997,,,,,,
-109.7935,44.45584,Bigfoot Report Class A Nov 1997,,,,,,
-93.15208,35.42097,Bigfoot Report Class A Nov 1998,,,,,,
-81.12476,27.97255,Bigfoot Report Class A Nov 1998,,,,,,
-82.929,29.591,Bigfoot Report Class A Nov 1998,,,,,,
-91.45889,35.64861,Bigfoot Report Class A Nov 1999,,,,,,
-83.714,34.672,Bigfoot Report Class A Nov 1999,,,,,,
-93.82007,42.47806,Bigfoot Report Class A Nov 2000,,,,,,
-91.0007,40.4664,Bigfoot Report Class A Nov 2000,,,,,,
-92.3104,31.6825,Bigfoot Report Class A Nov 2000,,,,,,
-83.96123,39.89216,Bigfoot Report Class A Nov 2000,,,,,,
-93.45325,32.5441,Bigfoot Report Class A Nov 2001,,,,,,
-80.64831,40.77972,Bigfoot Report Class A Nov 2001,,,,,,
-121.9139,45.33175,Bigfoot Report Class A Nov 2001,,,,,,
-81.16211,39.21833,Bigfoot Report Class A Nov 2001,,,,,,
-92.61493,33.14663,Bigfoot Report Class A Nov 2002,,,,,,
-86.16861,42.86361,Bigfoot Report Class A Nov 2002,,,,,,
-95.74556,36.18889,Bigfoot Report Class A Nov 2002,,,,,,
-121.6279,47.0019,Bigfoot Report Class A Nov 2002,,,,,,
-90.51145,45.7743,Bigfoot Report Class A Nov 2002,,,,,,
-129.2347,50.0865,Bigfoot Report Class A Nov 2003,,,,,,
-84.7681,33.48295,Bigfoot Report Class A Nov 2003,,,,,,
-93.50845,31.5831,Bigfoot Report Class A Nov 2003,,,,,,
-83.92834,43.92736,Bigfoot Report Class A Nov 2003,,,,,,
-84.05358,44.36434,Bigfoot Report Class A Nov 2003,,,,,,
-84.21719,40.80725,Bigfoot Report Class A Nov 2003,,,,,,
-122.1,43.6165,Bigfoot Report Class A Nov 2003,,,,,,
-101.7312,43.4471,Bigfoot Report Class A Nov 2003,,,,,,
-94.59222,32.68945,Bigfoot Report Class A Nov 2003,,,,,,
-117.9793,46.0573,Bigfoot Report Class A Nov 2003,,,,,,
-78.94501,39.335,Bigfoot Report Class A Nov 2003,,,,,,
-93.8232,36.8133,Bigfoot Report Class A Nov 2004,,,,,,
-80.25475,40.52825,Bigfoot Report Class A Nov 2004,,,,,,
-94.68333,32.01667,Bigfoot Report Class A Nov 2004,,,,,,
-121.95,46.05,Bigfoot Report Class A Nov 2004,,,,,,
-79.01405,39.26188,Bigfoot Report Class A Nov 2004,,,,,,
-93.82087,37.87153,Bigfoot Report Class A Nov 2005,,,,,,
-107.9978,35.58565,Bigfoot Report Class A Nov 2005,,,,,,
-122.2339,45.74715,Bigfoot Report Class A Nov 2005,,,,,,
-110.5,41.2,Bigfoot Report Class A Nov 2005,,,,,,
-111.1367,34.28939,Bigfoot Report Class A Nov 2006,,,,,,
-82.879,30.3125,Bigfoot Report Class A Nov 2006,,,,,,
-81.82794,30.05287,Bigfoot Report Class A Nov 2006,,,,,,
-91.74585,41.47445,Bigfoot Report Class A Nov 2006,,,,,,
-111.7899,43.41005,Bigfoot Report Class A Nov 2006,,,,,,
-103.4966,43.89875,Bigfoot Report Class A Nov 2006,,,,,,
-123.3749,46.60207,Bigfoot Report Class A Nov 2006,,,,,,
-122.3431,46.2965,Bigfoot Report Class A Nov 2006,,,,,,
-123.6171,48.56704,Bigfoot Report Class A Nov 2006-2007,,,,,,
-94.045,41.461,Bigfoot Report Class A Nov 2007,,,,,,
-90.66615,42.4104,Bigfoot Report Class A Nov 2007,,,,,,
-90.64,39.607,Bigfoot Report Class A Nov 2007,,,,,,
-123.2182,47.49865,Bigfoot Report Class A Nov 2007,,,,,,
-89.48787,39.26776,Bigfoot Report Class A Nov 2008,,,,,,
-81.85762,30.08748,Bigfoot Report Class A Nov 2009,,,,,,
-81.5917,35.6267,Bigfoot Report Class A Nov 71' or 72',,,,,,
-82.83425,38.02825,Bigfoot Report Class A Nov About 1992,,,,,,
-91.735,34.787,Bigfoot Report Class A Oct 1943,,,,,,
-90.7517,38.039,Bigfoot Report Class A Oct 1956,,,,,,
-78.65621,41.9548,Bigfoot Report Class A Oct 1963,,,,,,
-95.32,32.13972,Bigfoot Report Class A Oct 1963,,,,,,
-121.3324,56.3321,Bigfoot Report Class A Oct 1965,,,,,,
-77.2914,34.6894,Bigfoot Report Class A Oct 1965,,,,,,
-94.76362,31.30853,Bigfoot Report Class A Oct 1968,,,,,,
-116.0558,48.1143,Bigfoot Report Class A Oct 1969,,,,,,
-74.4611,40.478,Bigfoot Report Class A Oct 1969,,,,,,
-121.5835,45.3725,Bigfoot Report Class A Oct 1970,,,,,,
-74.2918,40.8959,Bigfoot Report Class A Oct 1971,,,,,,
-87.02245,36.89478,Bigfoot Report Class A Oct 1972,,,,,,
-92.6221,30.2576,Bigfoot Report Class A Oct 1972,,,,,,
-122.1979,47.75034,Bigfoot Report Class A Oct 1974,,,,,,
-91.75205,40.995,Bigfoot Report Class A Oct 1975,,,,,,
-114.7503,44.25028,Bigfoot Report Class A Oct 1975,,,,,,
-92.59781,38.81124,Bigfoot Report Class A Oct 1975,,,,,,
-123.2725,42.02106,Bigfoot Report Class A Oct 1975,,,,,,
-98.03333,32.7,Bigfoot Report Class A Oct 1975,,,,,,
-122.1852,47.1772,Bigfoot Report Class A Oct 1975,,,,,,
-122.1833,47.2416,Bigfoot Report Class A Oct 1975,,,,,,
-83.13654,31.24842,Bigfoot Report Class A Oct 1976,,,,,,
-94.86958,32.58125,Bigfoot Report Class A Oct 1976,,,,,,
-82.05835,29.0599,Bigfoot Report Class A Oct 1977,,,,,,
-103.7439,30.77722,Bigfoot Report Class A Oct 1977,,,,,,
-111.4988,41.43135,Bigfoot Report Class A Oct 1977,,,,,,
-84.7378,42.3125,Bigfoot Report Class A Oct 1979,,,,,,
-90.19371,32.40191,Bigfoot Report Class A Oct 1979,,,,,,
-122.3352,45.5145,Bigfoot Report Class A Oct 1979-80,,,,,,
-121.7138,38.4906,Bigfoot Report Class A Oct 1980,,,,,,
-116.934,48.6334,Bigfoot Report Class A Oct 1980,,,,,,
-83.9311,38.45795,Bigfoot Report Class A Oct 1980,,,,,,
-83.83695,38.51465,Bigfoot Report Class A Oct 1980,,,,,,
-92.46844,31.40304,Bigfoot Report Class A Oct 1980,,,,,,
-82.52238,39.39935,Bigfoot Report Class A Oct 1980,,,,,,
-123.3604,44.55505,Bigfoot Report Class A Oct 1980,,,,,,
-94.44694,36.18333,Bigfoot Report Class A Oct 1981,,,,,,
-83.85683,36.67311,Bigfoot Report Class A Oct 1982,,,,,,
-87.3289,45.9642,Bigfoot Report Class A Oct 1982,,,,,,
-76.29115,36.3715,Bigfoot Report Class A Oct 1982,,,,,,
-123.6956,45.06881,Bigfoot Report Class A Oct 1982,,,,,,
-121.5708,45.81611,Bigfoot Report Class A Oct 1982,,,,,,
-120.2339,38.03898,Bigfoot Report Class A Oct 1983,,,,,,
-81.3456,29.85375,Bigfoot Report Class A Oct 1984,,,,,,
-84.6,44.17335,Bigfoot Report Class A Oct 1984,,,,,,
-121.9258,47.2831,Bigfoot Report Class A Oct 1984,,,,,,
-121.6738,48.86,Bigfoot Report Class A Oct 1984,,,,,,
-115.75,45.08334,Bigfoot Report Class A Oct 1985,,,,,,
-86.4664,33.6205,Bigfoot Report Class A Oct 1986,,,,,,
-82.1341,31.2439,Bigfoot Report Class A Oct 1986,,,,,,
-82.97854,38.74899,Bigfoot Report Class A Oct 1986,,,,,,
-84.3046,35.1013,Bigfoot Report Class A Oct 1986,,,,,,
-100.4161,31.45417,Bigfoot Report Class A Oct 1986,,,,,,
-105.1167,38.4,Bigfoot Report Class A Oct 1987,,,,,,
-88.77015,32.036,Bigfoot Report Class A Oct 1987,,,,,,
-88.77015,32.036,Bigfoot Report Class A Oct 1987,,,,,,
-119.6436,37.35944,Bigfoot Report Class A Oct 1988,,,,,,
-123.55,40.85,Bigfoot Report Class A Oct 1988,,,,,,
-88.71672,37.34339,Bigfoot Report Class A Oct 1989,,,,,,
-89.09732,38.68707,Bigfoot Report Class A Oct 1989,,,,,,
-93.88194,51.03445,Bigfoot Report Class A Oct 1990,,,,,,
-116.4,44.85,Bigfoot Report Class A Oct 1990,,,,,,
-87.52757,37.29395,Bigfoot Report Class A Oct 1990,,,,,,
-84.66833,43.5975,Bigfoot Report Class A Oct 1990,,,,,,
-83.12873,38.83628,Bigfoot Report Class A Oct 1990,,,,,,
-94.6837,38.6234,Bigfoot Report Class A Oct 1991,,,,,,
-123.311,43.5251,Bigfoot Report Class A Oct 1991,,,,,,
-81.00553,49.16669,Bigfoot Report Class A Oct 1992,,,,,,
-96.66528,34.86111,Bigfoot Report Class A Oct 1992,,,,,,
-116.4171,48.49805,Bigfoot Report Class A Oct 1993,,,,,,
-84.97527,37.95708,Bigfoot Report Class A Oct 1993,,,,,,
-122.8858,47.27667,Bigfoot Report Class A Oct 1993,,,,,,
-92.58667,34.56444,Bigfoot Report Class A Oct 1994,,,,,,
-106.4269,39.18975,Bigfoot Report Class A Oct 1994,,,,,,
-89.022,42.1846,Bigfoot Report Class A Oct 1994,,,,,,
-82.69576,37.26532,Bigfoot Report Class A Oct 1994,,,,,,
-79.56702,40.05148,Bigfoot Report Class A Oct 1994,,,,,,
-123.5894,47.33694,Bigfoot Report Class A Oct 1994,,,,,,
-80.01335,37.5313,Bigfoot Report Class A Oct 1994,,,,,,
-118.9975,37.35861,Bigfoot Report Class A Oct 1995,,,,,,
-122.585,44.915,Bigfoot Report Class A Oct 1995,,,,,,
-93,34.08,Bigfoot Report Class A Oct 1996,,,,,,
-115.5833,44.41666,Bigfoot Report Class A Oct 1996,,,,,,
-88.15556,36.82806,Bigfoot Report Class A Oct 1996,,,,,,
-81.69818,40.08946,Bigfoot Report Class A Oct 1996,,,,,,
-96.972,34.495,Bigfoot Report Class A Oct 1996,,,,,,
-79.6575,40.5258,Bigfoot Report Class A Oct 1996,,,,,,
-117.3347,48.65083,Bigfoot Report Class A Oct 1996,,,,,,
-84.355,43.87,Bigfoot Report Class A Oct 1996 or 97,,,,,,
-87.23335,39.8679,Bigfoot Report Class A Oct 1997,,,,,,
-87.89844,37.34029,Bigfoot Report Class A Oct 1997,,,,,,
-90.52987,38.69428,Bigfoot Report Class A Oct 1997,,,,,,
-89.845,34.31605,Bigfoot Report Class A Oct 1997,,,,,,
-123.8886,47.2475,Bigfoot Report Class A Oct 1997,,,,,,
-121.0939,46.97944,Bigfoot Report Class A Oct 1997,,,,,,
-93.1,34.25,Bigfoot Report Class A Oct 1998,,,,,,
-81.73075,31.82345,Bigfoot Report Class A Oct 1998,,,,,,
-83.94906,39.85461,Bigfoot Report Class A Oct 1998,,,,,,
-81.63656,40.17699,Bigfoot Report Class A Oct 1998,,,,,,
-71.6568,41.98067,Bigfoot Report Class A Oct 1998,,,,,,
-98.575,35.50556,Bigfoot Report Class A Oct 1999,,,,,,
-94.90528,32.35306,Bigfoot Report Class A Oct 1999,,,,,,
-94.47903,31.0232,Bigfoot Report Class A Oct 1999,,,,,,
-122.028,46.3105,Bigfoot Report Class A Oct 1999,,,,,,
-124.072,46.81045,Bigfoot Report Class A Oct 1999,,,,,,
-86.66465,34.5422,Bigfoot Report Class A Oct 2000,,,,,,
-92.9008,41.3675,Bigfoot Report Class A Oct 2000,,,,,,
-95.2577,38.9142,Bigfoot Report Class A Oct 2000,,,,,,
-90.8493,30.1878,Bigfoot Report Class A Oct 2000,,,,,,
-78.82683,42.15947,Bigfoot Report Class A Oct 2000,,,,,,
-83.96562,39.86096,Bigfoot Report Class A Oct 2000,,,,,,
-81.79669,41.06019,Bigfoot Report Class A Oct 2000,,,,,,
-122.9903,45.48204,Bigfoot Report Class A Oct 2000,,,,,,
-121.2802,47.3178,Bigfoot Report Class A Oct 2000,,,,,,
-122.3003,47.0274,Bigfoot Report Class A Oct 2000,,,,,,
-123.3769,47.9261,Bigfoot Report Class A Oct 2000,,,,,,
-122.2963,46.5672,Bigfoot Report Class A Oct 2000,,,,,,
-82.6505,29.191,Bigfoot Report Class A Oct 2000/2001,,,,,,
-75.64853,42.1174,Bigfoot Report Class A Oct 2000/2001,,,,,,
-119.2119,37.23389,Bigfoot Report Class A Oct 2001,,,,,,
-84.58501,34.8155,Bigfoot Report Class A Oct 2001,,,,,,
-80.77592,41.09087,Bigfoot Report Class A Oct 2001,,,,,,
-94.55944,34.59583,Bigfoot Report Class A Oct 2001,,,,,,
-94.41528,30.775,Bigfoot Report Class A Oct 2001,,,,,,
-94.23417,36.20611,Bigfoot Report Class A Oct 2002,,,,,,
-121.726,44.42565,Bigfoot Report Class A Oct 2002,,,,,,
-123.1611,43.3029,Bigfoot Report Class A Oct 2002,,,,,,
-98.35,33.13333,Bigfoot Report Class A Oct 2002,,,,,,
-89.85,42.21,Bigfoot Report Class A Oct 2003,,,,,,
-85.7037,41.3382,Bigfoot Report Class A Oct 2003,,,,,,
-109.0612,36.39135,Bigfoot Report Class A Oct 2003,,,,,,
-81.17155,41.13356,Bigfoot Report Class A Oct 2003,,,,,,
-80.3891,34.59,Bigfoot Report Class A Oct 2003,,,,,,
-94.3745,34.369,Bigfoot Report Class A Oct 2004,,,,,,
-108.3364,37.33925,Bigfoot Report Class A Oct 2004,,,,,,
-83.69085,34.68319,Bigfoot Report Class A Oct 2004,,,,,,
-118.325,37.8583,Bigfoot Report Class A Oct 2004,,,,,,
-96.21,34.25,Bigfoot Report Class A Oct 2004,,,,,,
-111.0837,40.92128,Bigfoot Report Class A Oct 2004,,,,,,
-79.5375,39.6995,Bigfoot Report Class A Oct 2004,,,,,,
-81.9742,27.89469,Bigfoot Report Class A Oct 2004-2005,,,,,,
-92.36145,43.80075,Bigfoot Report Class A Oct 2005,,,,,,
-72.7051,43.4654,Bigfoot Report Class A Oct 2005,,,,,,
-109.64,34.325,Bigfoot Report Class A Oct 2006,,,,,,
-110.4298,33.99989,Bigfoot Report Class A Oct 2006,,,,,,
-124.0687,41.21385,Bigfoot Report Class A Oct 2006,,,,,,
-79.94618,48.03027,Bigfoot Report Class A Oct 2006,,,,,,
-89.582,38.946,Bigfoot Report Class A Oct 2006,,,,,,
-106.8331,45.0262,Bigfoot Report Class A Oct 2006,,,,,,
-101.667,34.93243,Bigfoot Report Class A Oct 2006,,,,,,
-122.645,48.39936,Bigfoot Report Class A Oct 2006,,,,,,
-78.49429,39.5226,Bigfoot Report Class A Oct 2006,,,,,,
-89.341,38.567,Bigfoot Report Class A Oct 2007,,,,,,
-75.37814,40.37726,Bigfoot Report Class A Oct 2007,,,,,,
-112.0179,41.7086,Bigfoot Report Class A Oct 2007,,,,,,
-83.845,44.565,Bigfoot Report Class A Oct 2008,,,,,,
-81.95577,28.44926,Bigfoot Report Class A Oct 2009,,,,,,
-82.6386,30.83105,Bigfoot Report Class A Oct 2009,,,,,,
-91.16042,38.2081,Bigfoot Report Class A Oct 2009,,,,,,
-96.63857,34.21174,Bigfoot Report Class A Oct 2009,,,,,,
-121.7084,45.8417,Bigfoot Report Class A Oct 2009,,,,,,
-122.1781,39.92778,Bigfoot Report Class A Oct 72-73,,,,,,
-87.25375,35.94,Bigfoot Report Class A Oct 94 or 95,,,,,,
-84.53352,33.70037,Bigfoot Report Class A Sept 1961,,,,,,
-80.375,35.75,Bigfoot Report Class A Sept 1967,,,,,,
-79.16817,40.32247,Bigfoot Report Class A Sept 1967,,,,,,
-88.1577,42.1295,Bigfoot Report Class A Sept 1968,,,,,,
-90.40675,41.55965,Bigfoot Report Class A Sept 1969,,,,,,
-88.28403,46.56913,Bigfoot Report Class A Sept 1970,,,,,,
-78.33453,38.73048,Bigfoot Report Class A Sept 1970,,,,,,
-106.3,39.25,Bigfoot Report Class A Sept 1971,,,,,,
-118.972,37.5703,Bigfoot Report Class A Sept 1972,,,,,,
-86.1512,40.18,Bigfoot Report Class A Sept 1973,,,,,,
-99.1702,35.3011,Bigfoot Report Class A Sept 1973,,,,,,
-123.4817,39.68833,Bigfoot Report Class A Sept 1974,,,,,,
-81.93871,28.00845,Bigfoot Report Class A Sept 1974,,,,,,
-85.05965,42.323,Bigfoot Report Class A Sept 1974,,,,,,
-93.614,37.3317,Bigfoot Report Class A Sept 1974,,,,,,
-71.5,41.45,Bigfoot Report Class A Sept 1974,,,,,,
-117.1638,56.12543,Bigfoot Report Class A Sept 1975,,,,,,
-96.17149,50.5697,Bigfoot Report Class A Sept 1976,,,,,,
-81.77677,41.02572,Bigfoot Report Class A Sept 1976,,,,,,
-123.5381,42.1533,Bigfoot Report Class A Sept 1976-77,,,,,,
-122.0064,54.23708,Bigfoot Report Class A Sept 1977,,,,,,
-84.42722,43.59611,Bigfoot Report Class A Sept 1977,,,,,,
-93.71506,37.11433,Bigfoot Report Class A Sept 1977,,,,,,
-110.9315,40.028,Bigfoot Report Class A Sept 1977,,,,,,
-105.3542,39.31667,Bigfoot Report Class A Sept 1978,,,,,,
-94.356,42.8674,Bigfoot Report Class A Sept 1978,,,,,,
-81.4311,41.10765,Bigfoot Report Class A Sept 1978,,,,,,
-86.7891,33.8132,Bigfoot Report Class A Sept 1979,,,,,,
-87.91833,30.7113,Bigfoot Report Class A Sept 1979,,,,,,
-94.78227,36.4168,Bigfoot Report Class A Sept 1979,,,,,,
-95.27361,33.66666,Bigfoot Report Class A Sept 1979,,,,,,
-119.6564,39.29056,Bigfoot Report Class A Sept 1980,,,,,,
-98.08611,30.38667,Bigfoot Report Class A Sept 1980,,,,,,
-123.175,43.225,Bigfoot Report Class A Sept 1980-1,,,,,,
-122.9179,47.7079,Bigfoot Report Class A Sept 1981,,,,,,
-85.16235,32.31435,Bigfoot Report Class A Sept 1981 and 1982,,,,,,
-84.10435,37.75745,Bigfoot Report Class A Sept 1983,,,,,,
-119.8458,39.00056,Bigfoot Report Class A Sept 1984,,,,,,
-94.229,35.36335,Bigfoot Report Class A Sept 1985,,,,,,
-84.2269,34.70435,Bigfoot Report Class A Sept 1985,,,,,,
-91.0863,40.8139,Bigfoot Report Class A Sept 1985,,,,,,
-121.0517,39.25396,Bigfoot Report Class A Sept 1987,,,,,,
-81.32809,40.36831,Bigfoot Report Class A Sept 1988,,,,,,
-80.8595,28.3725,Bigfoot Report Class A Sept 1989,,,,,,
-99.11815,52.9884,Bigfoot Report Class A Sept 1990,,,,,,
-93.85965,40.8348,Bigfoot Report Class A Sept 1991,,,,,,
-113.1198,46.02962,Bigfoot Report Class A Sept 1991,,,,,,
-82.32803,40.82327,Bigfoot Report Class A Sept 1991,,,,,,
-117.9458,46.37944,Bigfoot Report Class A Sept 1991,,,,,,
-93.07654,34.44652,Bigfoot Report Class A Sept 1992,,,,,,
-84.12485,44.76,Bigfoot Report Class A Sept 1992,,,,,,
-81.81317,41.12012,Bigfoot Report Class A Sept 1992,,,,,,
-89.558,39.06,Bigfoot Report Class A Sept 1992-3,,,,,,
-109.3191,33.6247,Bigfoot Report Class A Sept 1993,,,,,,
-120.3784,39.50435,Bigfoot Report Class A Sept 1993,,,,,,
-121.18,39.705,Bigfoot Report Class A Sept 1993,,,,,,
-94.52888,37.03575,Bigfoot Report Class A Sept 1993,,,,,,
-83.95184,39.92104,Bigfoot Report Class A Sept 1993,,,,,,
-123.9513,46.19945,Bigfoot Report Class A Sept 1993,,,,,,
-92.04907,48.36266,Bigfoot Report Class A Sept 1993-94,,,,,,
-107.7084,38.875,Bigfoot Report Class A Sept 1994,,,,,,
-82.24257,39.45789,Bigfoot Report Class A Sept 1994,,,,,,
-117.991,45.84175,Bigfoot Report Class A Sept 1994,,,,,,
-118.5654,45.6605,Bigfoot Report Class A Sept 1994,,,,,,
-121.5763,46.67816,Bigfoot Report Class A Sept 1994,,,,,,
-105.9333,40.54167,Bigfoot Report Class A Sept 1996,,,,,,
-104.9677,39.42923,Bigfoot Report Class A Sept 1997,,,,,,
-95.70208,35.70166,Bigfoot Report Class A Sept 1997,,,,,,
-123.866,45.75449,Bigfoot Report Class A Sept 1997,,,,,,
-79.42547,38.95242,Bigfoot Report Class A Sept 1997,,,,,,
-105.0652,39.21338,Bigfoot Report Class A Sept 1998,,,,,,
-106.2275,39.32385,Bigfoot Report Class A Sept 1998,,,,,,
-82.55177,38.79381,Bigfoot Report Class A Sept 1998,,,,,,
-82.48699,40.61236,Bigfoot Report Class A Sept 1998,,,,,,
-81.62379,41.23638,Bigfoot Report Class A Sept 1998,,,,,,
-79.1246,34.08725,Bigfoot Report Class A Sept 1998,,,,,,
-102.3971,43.35851,Bigfoot Report Class A Sept 1998,,,,,,
-117.4214,48.75528,Bigfoot Report Class A Sept 1998,,,,,,
-122.2356,47.0958,Bigfoot Report Class A Sept 1998 ?-,,,,,,
-105.1058,38.8922,Bigfoot Report Class A Sept 1998-1999,,,,,,
-121.3177,49.3402,Bigfoot Report Class A Sept 1999,,,,,,
-89.9595,41.30412,Bigfoot Report Class A Sept 1999,,,,,,
-82.88309,37.94235,Bigfoot Report Class A Sept 1999,,,,,,
-111.5281,41.5343,Bigfoot Report Class A Sept 1999,,,,,,
-120.0914,38.9575,Bigfoot Report Class A Sept 2000,,,,,,
-123.7027,45.06215,Bigfoot Report Class A Sept 2000,,,,,,
-96.71,29.02611,Bigfoot Report Class A Sept 2000,,,,,,
-121.9572,48.0028,Bigfoot Report Class A Sept 2000,,,,,,
-122.54,47.79,Bigfoot Report Class A Sept 2000,,,,,,
-93.22192,42.73854,Bigfoot Report Class A Sept 2001,,,,,,
-115.586,46.94,Bigfoot Report Class A Sept 2001,,,,,,
-81.96419,41.06648,Bigfoot Report Class A Sept 2001,,,,,,
-121.6796,45.274,Bigfoot Report Class A Sept 2001,,,,,,
-95.58334,30.52361,Bigfoot Report Class A Sept 2001,,,,,,
-121.2543,48.5149,Bigfoot Report Class A Sept 2001,,,,,,
-121.5863,46.67111,Bigfoot Report Class A Sept 2001,,,,,,
-80.7582,37.6541,Bigfoot Report Class A Sept 2001,,,,,,
-106.625,39.45824,Bigfoot Report Class A Sept 2002,,,,,,
-85.97613,46.18968,Bigfoot Report Class A Sept 2002,,,,,,
-108.8676,35.63736,Bigfoot Report Class A Sept 2002,,,,,,
-78.54224,43.19501,Bigfoot Report Class A Sept 2002,,,,,,
-81.15694,41.30407,Bigfoot Report Class A Sept 2002,,,,,,
-121.8735,45.63923,Bigfoot Report Class A Sept 2002,,,,,,
-122.4275,46.5347,Bigfoot Report Class A Sept 2002,,,,,,
-123.2718,40.7485,Bigfoot Report Class A Sept 2003,,,,,,
-87.47077,40.34057,Bigfoot Report Class A Sept 2003,,,,,,
-76.89331,43.27314,Bigfoot Report Class A Sept 2003,,,,,,
-84.14493,39.89172,Bigfoot Report Class A Sept 2003,,,,,,
-121.0909,46.80505,Bigfoot Report Class A Sept 2003,,,,,,
-90.444,45.775,Bigfoot Report Class A Sept 2003,,,,,,
-81.9055,29.07655,Bigfoot Report Class A Sept 2004,,,,,,
-90.459,40.316,Bigfoot Report Class A Sept 2004,,,,,,
-97.5625,35.24194,Bigfoot Report Class A Sept 2004,,,,,,
-122.0802,43.08929,Bigfoot Report Class A Sept 2004,,,,,,
-118.3692,44.9723,Bigfoot Report Class A Sept 2004,,,,,,
-87.19556,35.20416,Bigfoot Report Class A Sept 2004,,,,,,
-84.583,30.587,Bigfoot Report Class A Sept 2005,,,,,,
-82.3722,29.1039,Bigfoot Report Class A Sept 2005,,,,,,
-98.61497,34.76134,Bigfoot Report Class A Sept 2005,,,,,,
-122.5336,47.1688,Bigfoot Report Class A Sept 2005,,,,,,
-79.81129,48.51035,Bigfoot Report Class A Sept 2006,,,,,,
-84.73846,34.1318,Bigfoot Report Class A Sept 2006,,,,,,
-123.0585,38.83996,Bigfoot Report Class A Sept 2007,,,,,,
-115.5743,50.29765,Bigfoot Report Class A Sept 2007,,,,,,
-84.40335,44.41835,Bigfoot Report Class A Sept 2007,,,,,,
-80.48,36.745,Bigfoot Report Class A Sept 2007,,,,,,
-81.095,37.7,Bigfoot Report Class A Sept 2007,,,,,,
-81.48598,25.95574,Bigfoot Report Class A Sept 2008,,,,,,
-84.425,45.1475,Bigfoot Report Class A Sept 2008,,,,,,
-78.5826,41.12782,Bigfoot Report Class A Sept 2008,,,,,,
-106.5445,39.1006,Bigfoot Report Class A Sept 2009,,,,,,
-105.6385,40.84707,Bigfoot Report Class A Sept 2009,,,,,,
-96.36707,36.03501,Bigfoot Report Class A Sept 2009,,,,,,
-80.27,38.98,Bigfoot Report Class A Sept 2009,,,,,,
-122.4078,48.68985,Bigfoot Report Class A Sept about 1980,,,,,,
-92.425,36.615,Bigfoot Report Class A app. 1985,,,,,,
-122.6397,44.8633,Bigfoot Report Class A est mid-70,,,,,,
-81.5722,38.2383,Bigfoot Report Class A est.1990,,,,,,
-106.1666,39.7198,Bigfoot Report Class A late 60s,,,,,,
-100.9129,50.91725,Bigfoot Report Class A mid 1960's,,,,,,
