-91.84467,31.08774,Bigfoot Report Class B 1925,,,,,,
-95.70861,31.40444,Bigfoot Report Class B 1930,,,,,,
-180,39.80751,Bigfoot Report Class B 1932,,,,,,
-96.80417,32.5175,Bigfoot Report Class B 1938,,,,,,
-99.81514,34.73153,Bigfoot Report Class B 1942,,,,,,
-121.6508,45.75056,Bigfoot Report Class B 1950,,,,,,
-91.6284,38.441,Bigfoot Report Class B 1954,,,,,,
-87.2932,35.3218,Bigfoot Report Class B 1955,,,,,,
-82.3997,39.25109,Bigfoot Report Class B 1956,,,,,,
-81.8768,26.6685,Bigfoot Report Class B 1963,,,,,,
-121.8829,43.8628,Bigfoot Report Class B 1963-2002,,,,,,
-80.80685,34.0431,Bigfoot Report Class B 1964,,,,,,
-96.69583,32.26889,Bigfoot Report Class B 1964,,,,,,
-111.6508,40.60779,Bigfoot Report Class B 1964,,,,,,
-74.27923,43.0949,Bigfoot Report Class B 1966,,,,,,
-123.582,47.969,Bigfoot Report Class B 1966,,,,,,
-82.12263,41.38274,Bigfoot Report Class B 1967,,,,,,
-122.9367,46.49139,Bigfoot Report Class B 1967,,,,,,
-122.2985,46.951,Bigfoot Report Class B 1967-1970,,,,,,
-120.7053,38.30056,Bigfoot Report Class B 1968,,,,,,
-77.67995,35.42525,Bigfoot Report Class B 1968,,,,,,
-121.886,45.2075,Bigfoot Report Class B 1968,,,,,,
-96.47562,42.55576,Bigfoot Report Class B 1970,,,,,,
-121.8165,44.6335,Bigfoot Report Class B 1970,,,,,,
-121.7569,47.5225,Bigfoot Report Class B 1970,,,,,,
-120.0833,37.4583,Bigfoot Report Class B 1970-1972,,,,,,
-85.89175,38.14415,Bigfoot Report Class B 1971,,,,,,
-110.177,31.63,Bigfoot Report Class B 1972,,,,,,
-85.4427,30.32305,Bigfoot Report Class B 1972(?),,,,,,
-76.53862,39.01142,Bigfoot Report Class B 1972-73,,,,,,
-88.72985,30.38345,Bigfoot Report Class B 1973,,,,,,
-122.6417,40.8333,Bigfoot Report Class B 1973-74,,,,,,
-83.06977,41.48962,Bigfoot Report Class B 1974,,,,,,
-88.76775,36.0165,Bigfoot Report Class B 1974,,,,,,
-120.0023,34.60665,Bigfoot Report Class B 1975,,,,,,
-93.33372,48.60873,Bigfoot Report Class B 1975,,,,,,
-81.3615,26.0645,Bigfoot Report Class B 1975,,,,,,
-89.4205,38.0985,Bigfoot Report Class B 1975,,,,,,
-83.5582,35.5131,Bigfoot Report Class B 1975,,,,,,
-96.53,33.75556,Bigfoot Report Class B 1975,,,,,,
-96.96333,33.81861,Bigfoot Report Class B 1975,,,,,,
-80.87379,25.19935,Bigfoot Report Class B 1975-76,,,,,,
-94.9,39.3716,Bigfoot Report Class B 1976,,,,,,
-93.36627,32.45763,Bigfoot Report Class B 1976,,,,,,
-81.38112,41.31405,Bigfoot Report Class B 1976,,,,,,
-121.3338,44.1263,Bigfoot Report Class B 1976,,,,,,
-119.9811,38.19753,Bigfoot Report Class B 1977,,,,,,
-123.1778,41.31917,Bigfoot Report Class B 1977,,,,,,
-84.02254,31.30062,Bigfoot Report Class B 1977,,,,,,
-83.18179,38.77727,Bigfoot Report Class B 1977,,,,,,
-95.34111,35.00278,Bigfoot Report Class B 1977,,,,,,
-122.2728,44.8623,Bigfoot Report Class B 1977,,,,,,
-123.2675,43.6744,Bigfoot Report Class B 1977,,,,,,
-94.6,32.9,Bigfoot Report Class B 1977,,,,,,
-123.5864,48.0281,Bigfoot Report Class B 1977,,,,,,
-121.0803,38.90222,Bigfoot Report Class B 1978,,,,,,
-82.1426,28.41655,Bigfoot Report Class B 1978,,,,,,
-89.952,39.115,Bigfoot Report Class B 1978,,,,,,
-81.82391,41.09302,Bigfoot Report Class B 1978,,,,,,
-123.3322,42.56805,Bigfoot Report Class B 1978,,,,,,
-94.81806,32.4125,Bigfoot Report Class B 1978,,,,,,
-123.1208,47.5958,Bigfoot Report Class B 1978 or 79,,,,,,
-82.58765,29.1299,Bigfoot Report Class B 1979,,,,,,
-93.4386,32.4197,Bigfoot Report Class B 1979,,,,,,
-122.2328,42.4356,Bigfoot Report Class B 1979,,,,,,
-81.8642,28.021,Bigfoot Report Class B 1979 or 80,,,,,,
-94.47345,37.18124,Bigfoot Report Class B 1980,,,,,,
-121.4625,46.55139,Bigfoot Report Class B 1980,,,,,,
-122.4328,47.15556,Bigfoot Report Class B 1980,,,,,,
-82.52633,38.38096,Bigfoot Report Class B 1980,,,,,,
-94.63111,34.84167,Bigfoot Report Class B 1980's,,,,,,
-82.89059,38.33885,Bigfoot Report Class B 1980-1983,,,,,,
-73.741,43.42645,Bigfoot Report Class B 1980-82,,,,,,
-120.966,50.05149,Bigfoot Report Class B 1981,,,,,,
-93.31413,36.63621,Bigfoot Report Class B 1981,,,,,,
-111.9625,47.07444,Bigfoot Report Class B 1981,,,,,,
-122.4133,46.803,Bigfoot Report Class B 1981,,,,,,
-85.89745,35.88435,Bigfoot Report Class B 1982,,,,,,
-94.2633,38.7437,Bigfoot Report Class B 1983,,,,,,
-81.31749,41.05557,Bigfoot Report Class B 1983,,,,,,
-97.424,37.7715,Bigfoot Report Class B 1984,,,,,,
-124.4165,50.2368,Bigfoot Report Class B 1984-2003,,,,,,
-85.3582,33.9844,Bigfoot Report Class B 1984/1985,,,,,,
-86.5653,32.4456,Bigfoot Report Class B 1985,,,,,,
-119.9997,37.89917,Bigfoot Report Class B 1985,,,,,,
-89.94,35.226,Bigfoot Report Class B 1985,,,,,,
-84.43484,32.0321,Bigfoot Report Class B 1986,,,,,,
-81.37181,41.16187,Bigfoot Report Class B 1986 until a few years ago.,,,,,,
-123.4817,39.68833,Bigfoot Report Class B 1987,,,,,,
-84.57616,34.36725,Bigfoot Report Class B 1987,,,,,,
-122.0247,48.9294,Bigfoot Report Class B 1987,,,,,,
-86.911,40.9847,Bigfoot Report Class B 1988,,,,,,
-79.49707,37.53434,Bigfoot Report Class B 1988,,,,,,
-100.5167,31.84167,Bigfoot Report Class B 1988 or 89,,,,,,
-89.1979,37.1142,Bigfoot Report Class B 1990,,,,,,
-95.77,33.24722,Bigfoot Report Class B 1990,,,,,,
-122.3442,46.71,Bigfoot Report Class B 1990,,,,,,
-121.6669,46.01665,Bigfoot Report Class B 1990,,,,,,
-112.9413,49.9818,Bigfoot Report Class B 1991 or 92,,,,,,
-122.3906,40.58667,Bigfoot Report Class B 1992,,,,,,
-81.78879,28.99487,Bigfoot Report Class B 1993,,,,,,
-86.68372,30.90529,Bigfoot Report Class B 1993?,,,,,,
-80.17845,26.28585,Bigfoot Report Class B 1994,,,,,,
-121.8053,48.64056,Bigfoot Report Class B 1994-1997+,,,,,,
-118.5333,37.76666,Bigfoot Report Class B 1995,,,,,,
-136.2924,62.0875,Bigfoot Report Class B 1995,,,,,,
-82.643,38.16205,Bigfoot Report Class B 1995,,,,,,
-84.20835,41.80832,Bigfoot Report Class B 1995,,,,,,
-121.7565,47.1998,Bigfoot Report Class B 1995,,,,,,
-82.64864,40.74705,Bigfoot Report Class B 1996,,,,,,
-120.7967,47.14472,Bigfoot Report Class B 1996-97,,,,,,
-88.34223,30.47612,Bigfoot Report Class B 1997,,,,,,
-106.3466,38.60124,Bigfoot Report Class B 1997,,,,,,
-80.59236,40.72943,Bigfoot Report Class B 1997,,,,,,
-121.7512,46.0803,Bigfoot Report Class B 1997,,,,,,
-83.63251,40.16815,Bigfoot Report Class B 1997-2001,,,,,,
-121.0158,39.94278,Bigfoot Report Class B 1997-98,,,,,,
-77.7485,34.3924,Bigfoot Report Class B 1998,,,,,,
-111.6956,40.34937,Bigfoot Report Class B 1998,,,,,,
-122.8241,48.09725,Bigfoot Report Class B 1998,,,,,,
-87.29,31.99,Bigfoot Report Class B 1998 or 19,,,,,,
-124.053,47.0413,Bigfoot Report Class B 1998;2000,,,,,,
-82.20475,27.1788,Bigfoot Report Class B 1999,,,,,,
-122.1914,47.79111,Bigfoot Report Class B 1999,,,,,,
-106.0417,39.20834,Bigfoot Report Class B 2000,,,,,,
-116.0969,48.25206,Bigfoot Report Class B 2000,,,,,,
-121.2607,49.13644,Bigfoot Report Class B 2000 ??,,,,,,
-85.75014,35.23036,Bigfoot Report Class B 2000 or 01,,,,,,
-97.81083,29.385,Bigfoot Report Class B 2002,,,,,,
-121.4008,47.97205,Bigfoot Report Class B 2002,,,,,,
-86.00004,33.00014,Bigfoot Report Class B 2003,,,,,,
-84.4587,41.79639,Bigfoot Report Class B 2003,,,,,,
-80.616,40.725,Bigfoot Report Class B 2003,,,,,,
-106.7682,40.4805,Bigfoot Report Class B 2004,,,,,,
-81.6143,26.6878,Bigfoot Report Class B 2004,,,,,,
-74.47383,43.13206,Bigfoot Report Class B 2004,,,,,,
-121.7812,47.4352,Bigfoot Report Class B 2004,,,,,,
-110.98,34.35,Bigfoot Report Class B 2005,,,,,,
-123.3333,42.0833,Bigfoot Report Class B 2005,,,,,,
-83.649,30.59612,Bigfoot Report Class B 2006,,,,,,
-88.9319,37.61095,Bigfoot Report Class B 2006,,,,,,
-88.09506,42.17577,Bigfoot Report Class B 2008,,,,,,
-123.75,42.22501,Bigfoot Report Class B 2008,,,,,,
-124.0255,42.6425,Bigfoot Report Class B 73-75,,,,,,
-80.2068,35.87885,Bigfoot Report Class B 93-98,,,,,,
-121.3815,43.94225,Bigfoot Report Class B 94 or 95,,,,,,
-81.8995,27.8565,Bigfoot Report Class B About 1995,,,,,,
-121.845,37.055,Bigfoot Report Class B Apr 1958,,,,,,
-123.6283,40.94083,Bigfoot Report Class B Apr 1961,,,,,,
-121.1544,47.7117,Bigfoot Report Class B Apr 1970,,,,,,
-91.07,39.445,Bigfoot Report Class B Apr 1973,,,,,,
-121.705,48.2688,Bigfoot Report Class B Apr 1975,,,,,,
-122.0874,47.0945,Bigfoot Report Class B Apr 1978,,,,,,
-81.33134,41.15845,Bigfoot Report Class B Apr 1985-86?,,,,,,
-94.87069,45.95602,Bigfoot Report Class B Apr 1989,,,,,,
-85.7075,31.35,Bigfoot Report Class B Apr 1992,,,,,,
-85.925,31.85,Bigfoot Report Class B Apr 1994,,,,,,
-89.0912,35.8606,Bigfoot Report Class B Apr 1994,,,,,,
-118.0603,45.80374,Bigfoot Report Class B Apr 1996,,,,,,
-122.8994,47.7442,Bigfoot Report Class B Apr 1996,,,,,,
-123.6619,47.01139,Bigfoot Report Class B Apr 1996,,,,,,
-123.2334,47.3542,Bigfoot Report Class B Apr 1996,,,,,,
-81.32425,41.17646,Bigfoot Report Class B Apr 1997,,,,,,
-121.4844,47.1144,Bigfoot Report Class B Apr 1999,,,,,,
-106.3681,37.1137,Bigfoot Report Class B Apr 2000,,,,,,
-93.5395,37.7664,Bigfoot Report Class B Apr 2000,,,,,,
-94.92667,36.4075,Bigfoot Report Class B Apr 2000,,,,,,
-120.1039,38.07584,Bigfoot Report Class B Apr 2001,,,,,,
-82.1334,40.25597,Bigfoot Report Class B Apr 2001,,,,,,
-121.5134,45.38736,Bigfoot Report Class B Apr 2001,,,,,,
-118.225,34.25,Bigfoot Report Class B Apr 2002,,,,,,
-86.1425,36.772,Bigfoot Report Class B Apr 2002,,,,,,
-117.2833,48.79056,Bigfoot Report Class B Apr 2002,,,,,,
-122.1675,40.75,Bigfoot Report Class B Apr 2003,,,,,,
-82.38627,40.99562,Bigfoot Report Class B Apr 2003,,,,,,
-121.8943,47.16145,Bigfoot Report Class B Apr 2003,,,,,,
-87.49564,44.69867,Bigfoot Report Class B Apr 2003,,,,,,
-110.9967,42.4914,Bigfoot Report Class B Apr 2003,,,,,,
-78.968,36.2058,Bigfoot Report Class B Apr 2004,,,,,,
-82.6353,39.5246,Bigfoot Report Class B Apr 2004,,,,,,
-81.49697,40.0799,Bigfoot Report Class B Apr 2004,,,,,,
-94.91928,34.52436,Bigfoot Report Class B Apr 2004,,,,,,
-90.7167,44.4723,Bigfoot Report Class B Apr 2004,,,,,,
-81.356,25.953,Bigfoot Report Class B Apr 2005,,,,,,
-84.6216,34.8983,Bigfoot Report Class B Apr 2005,,,,,,
-95.74633,39.06381,Bigfoot Report Class B Apr 2005,,,,,,
-91.41383,37.63169,Bigfoot Report Class B Apr 2005,,,,,,
-83.73153,36.19408,Bigfoot Report Class B Apr 2005,,,,,,
-93.89,30.43444,Bigfoot Report Class B Apr 2005,,,,,,
-94.58,30.71139,Bigfoot Report Class B Apr 2005,,,,,,
-123.2383,46.8434,Bigfoot Report Class B Apr 2005,,,,,,
-120.2238,47.2637,Bigfoot Report Class B Apr 2005,,,,,,
-122.0297,46.75861,Bigfoot Report Class B Apr 2005,,,,,,
-80.17528,38.10833,Bigfoot Report Class B Apr 2005,,,,,,
-80.19044,38.10785,Bigfoot Report Class B Apr 2005,,,,,,
-111.08,34.475,Bigfoot Report Class B Apr 2006,,,,,,
-107.7171,54.31648,Bigfoot Report Class B Apr 2006,,,,,,
-82.28943,30.43412,Bigfoot Report Class B Apr 2006,,,,,,
-74.3516,40.77545,Bigfoot Report Class B Apr 2006,,,,,,
-80.85832,41.12884,Bigfoot Report Class B Apr 2006,,,,,,
-83.3626,35.46865,Bigfoot Report Class B Apr 2006,,,,,,
-95.77908,30.54366,Bigfoot Report Class B Apr 2006,,,,,,
-80.2084,35.95815,Bigfoot Report Class B Apr 2007,,,,,,
-78.3829,33.5155,Bigfoot Report Class B Apr 2007,,,,,,
-84.8215,35.129,Bigfoot Report Class B Apr 2007,,,,,,
-94.98001,35.56637,Bigfoot Report Class B Apr 2008,,,,,,
-97.03784,33.27303,Bigfoot Report Class B Apr 2008,,,,,,
-122.275,42.47,Bigfoot Report Class B Aug 1998,,,,,,
-121.424,45.4051,Bigfoot Report Class B Aug '73-'74?,,,,,,
-89.2351,48.57605,Bigfoot Report Class B Aug '91 or'92,,,,,,
-107.575,38.90833,Bigfoot Report Class B Aug 1964,,,,,,
-119.7497,49.69263,Bigfoot Report Class B Aug 1966,,,,,,
-88.5233,45.02176,Bigfoot Report Class B Aug 1967,,,,,,
-120.835,47.495,Bigfoot Report Class B Aug 1968,,,,,,
-122.2333,40.8833,Bigfoot Report Class B Aug 1970,,,,,,
-119.7275,38.29116,Bigfoot Report Class B Aug 1971,,,,,,
-122.1967,46.06333,Bigfoot Report Class B Aug 1972,,,,,,
-122.4133,46.803,Bigfoot Report Class B Aug 1973,,,,,,
-118.5518,45.3712,Bigfoot Report Class B Aug 1974,,,,,,
-120.9591,47.8498,Bigfoot Report Class B Aug 1975,,,,,,
-86.1358,37.3817,Bigfoot Report Class B Aug 1975-77,,,,,,
-81.32337,40.79362,Bigfoot Report Class B Aug 1976,,,,,,
-111.8189,40.9744,Bigfoot Report Class B Aug 1977,,,,,,
-121.8864,45.723,Bigfoot Report Class B Aug 1978,,,,,,
-85.26247,37.41098,Bigfoot Report Class B Aug 1978-1988,,,,,,
-119.54,38.29165,Bigfoot Report Class B Aug 1980,,,,,,
-123.0533,47.71782,Bigfoot Report Class B Aug 1980,,,,,,
-118.9689,37.07944,Bigfoot Report Class B Aug 1981,,,,,,
-82.75685,29.10855,Bigfoot Report Class B Aug 1981,,,,,,
-116.211,47.6835,Bigfoot Report Class B Aug 1981,,,,,,
-88.65135,32.31255,Bigfoot Report Class B Aug 1981,,,,,,
-85.01295,39.06565,Bigfoot Report Class B Aug 1982,,,,,,
-122.3755,43.69005,Bigfoot Report Class B Aug 1983,,,,,,
-122.2484,47.1787,Bigfoot Report Class B Aug 1983,,,,,,
-81.5784,38.8317,Bigfoot Report Class B Aug 1983 or 84,,,,,,
-120.6672,39.30056,Bigfoot Report Class B Aug 1984,,,,,,
-119.0139,37.33694,Bigfoot Report Class B Aug 1984,,,,,,
-122.33,40.755,Bigfoot Report Class B Aug 1984,,,,,,
-95.70296,38.76635,Bigfoot Report Class B Aug 1984,,,,,,
-121.4317,47.425,Bigfoot Report Class B Aug 1984,,,,,,
-121.4454,47.46312,Bigfoot Report Class B Aug 1984,,,,,,
-114.7982,51.03149,Bigfoot Report Class B Aug 1985,,,,,,
-80.27977,26.28516,Bigfoot Report Class B Aug 1985,,,,,,
-110.8139,40.61087,Bigfoot Report Class B Aug 1985-1986,,,,,,
-120.4187,39.41546,Bigfoot Report Class B Aug 1986,,,,,,
-119.0626,50.42139,Bigfoot Report Class B Aug 1986,,,,,,
-86.86,33.1,Bigfoot Report Class B Aug 1987,,,,,,
-80.89606,40.54269,Bigfoot Report Class B Aug 1987,,,,,,
-81.28671,39.93154,Bigfoot Report Class B Aug 1988,,,,,,
-109.14,36.28,Bigfoot Report Class B Aug 1989,,,,,,
-79.11128,35.1312,Bigfoot Report Class B Aug 1989,,,,,,
-120.2603,38.31944,Bigfoot Report Class B Aug 1990,,,,,,
-82.0029,37.75415,Bigfoot Report Class B Aug 1990,,,,,,
-121.8881,40.4925,Bigfoot Report Class B Aug 1991,,,,,,
-119.4275,37.69639,Bigfoot Report Class B Aug 1992,,,,,,
-123.1967,47.5616,Bigfoot Report Class B Aug 1992,,,,,,
-121.7476,46.0189,Bigfoot Report Class B Aug 1993,,,,,,
-118.4244,35.75472,Bigfoot Report Class B Aug 1994,,,,,,
-119.7519,38.32417,Bigfoot Report Class B Aug 1994,,,,,,
-77.4608,39.21564,Bigfoot Report Class B Aug 1994,,,,,,
-100.4104,29.24665,Bigfoot Report Class B Aug 1994,,,,,,
-80.60455,44.37775,Bigfoot Report Class B Aug 1995,,,,,,
-77.34879,38.80319,Bigfoot Report Class B Aug 1995,,,,,,
-107.7,38.48959,Bigfoot Report Class B Aug 1996,,,,,,
-111.1339,39.58375,Bigfoot Report Class B Aug 1996,,,,,,
-117.4694,48.66611,Bigfoot Report Class B Aug 1996,,,,,,
-88.1255,43.1575,Bigfoot Report Class B Aug 1996-1997,,,,,,
-123.292,41.23598,Bigfoot Report Class B Aug 1997,,,,,,
-112.6467,44.2548,Bigfoot Report Class B Aug 1997,,,,,,
-97.06667,28.725,Bigfoot Report Class B Aug 1997,,,,,,
-105.8226,39.40305,Bigfoot Report Class B Aug 1998,,,,,,
-106.3625,39.225,Bigfoot Report Class B Aug 1998,,,,,,
-85.4034,34.66005,Bigfoot Report Class B Aug 1998,,,,,,
-121.8134,47.8895,Bigfoot Report Class B Aug 1998,,,,,,
-122.015,46.10444,Bigfoot Report Class B Aug 1998,,,,,,
-81.60155,37.46292,Bigfoot Report Class B Aug 1998,,,,,,
-82.41861,41.0672,Bigfoot Report Class B Aug 1998-00,,,,,,
-119.7489,38.31722,Bigfoot Report Class B Aug 1999,,,,,,
-83.59509,34.4447,Bigfoot Report Class B Aug 1999,,,,,,
-81.11578,41.13021,Bigfoot Report Class B Aug 1999,,,,,,
-81.39827,39.95329,Bigfoot Report Class B Aug 1999,,,,,,
-122.5789,47.32944,Bigfoot Report Class B Aug 1999,,,,,,
-123.9,41.16,Bigfoot Report Class B Aug 2000,,,,,,
-125.5634,50.09222,Bigfoot Report Class B Aug 2000,,,,,,
-106.1143,39.2026,Bigfoot Report Class B Aug 2000,,,,,,
-106.6035,39.4627,Bigfoot Report Class B Aug 2000,,,,,,
-114.655,44.9625,Bigfoot Report Class B Aug 2000,,,,,,
-87.40585,37.2402,Bigfoot Report Class B Aug 2000,,,,,,
-87.64487,37.3141,Bigfoot Report Class B Aug 2000,,,,,,
-74.29085,41.1445,Bigfoot Report Class B Aug 2000,,,,,,
-123.466,45.7351,Bigfoot Report Class B Aug 2000,,,,,,
-122.5386,47.0044,Bigfoot Report Class B Aug 2000,,,,,,
-73.52,43.7268,Bigfoot Report Class B Aug 2000-2001,,,,,,
-90.95902,34.97181,Bigfoot Report Class B Aug 2001,,,,,,
-120.2867,38.27194,Bigfoot Report Class B Aug 2001,,,,,,
-120.0914,38.9575,Bigfoot Report Class B Aug 2001,,,,,,
-113.4698,54.27101,Bigfoot Report Class B Aug 2001,,,,,,
-88.3461,37.5,Bigfoot Report Class B Aug 2001,,,,,,
-94.97862,37.7684,Bigfoot Report Class B Aug 2001,,,,,,
-123.9211,45.99378,Bigfoot Report Class B Aug 2001,,,,,,
-121.8,46.1333,Bigfoot Report Class B Aug 2001,,,,,,
-121.6667,45.9667,Bigfoot Report Class B Aug 2001,,,,,,
-121.9697,47.85556,Bigfoot Report Class B Aug 2001,,,,,,
-121.3603,46.74778,Bigfoot Report Class B Aug 2001,,,,,,
-123.8796,47.86697,Bigfoot Report Class B Aug 2001,,,,,,
-121.015,39.26167,Bigfoot Report Class B Aug 2002,,,,,,
-119.8208,38.77778,Bigfoot Report Class B Aug 2002,,,,,,
-120.8294,39.5575,Bigfoot Report Class B Aug 2002,,,,,,
-122.7,38.75,Bigfoot Report Class B Aug 2002,,,,,,
-124.2721,53.53125,Bigfoot Report Class B Aug 2002,,,,,,
-106.171,39.3045,Bigfoot Report Class B Aug 2002,,,,,,
-78.1946,43.2265,Bigfoot Report Class B Aug 2002,,,,,,
-95.24917,33.34139,Bigfoot Report Class B Aug 2002,,,,,,
-118.9505,47.9093,Bigfoot Report Class B Aug 2002,,,,,,
-80.915,39.355,Bigfoot Report Class B Aug 2002,,,,,,
-120.5856,38.76139,Bigfoot Report Class B Aug 2003,,,,,,
-120.3536,38.25472,Bigfoot Report Class B Aug 2003,,,,,,
-69.55,57.81,Bigfoot Report Class B Aug 2003,,,,,,
-80.96515,27.35644,Bigfoot Report Class B Aug 2003,,,,,,
-82.77173,31.2137,Bigfoot Report Class B Aug 2003,,,,,,
-118.5908,44.5385,Bigfoot Report Class B Aug 2003,,,,,,
-98.05,32.53333,Bigfoot Report Class B Aug 2003,,,,,,
-121.6967,48.9058,Bigfoot Report Class B Aug 2003,,,,,,
-95.33125,50.92345,Bigfoot Report Class B Aug 2004,,,,,,
-84.68153,47.5889,Bigfoot Report Class B Aug 2004,,,,,,
-106.7522,39.01577,Bigfoot Report Class B Aug 2004,,,,,,
-113.8441,43.79615,Bigfoot Report Class B Aug 2004,,,,,,
-83.86097,42.36639,Bigfoot Report Class B Aug 2004,,,,,,
-90.7212,38.4971,Bigfoot Report Class B Aug 2004,,,,,,
-84.15971,39.8494,Bigfoot Report Class B Aug 2004,,,,,,
-122.9546,45.7492,Bigfoot Report Class B Aug 2004,,,,,,
-124.3688,43.1786,Bigfoot Report Class B Aug 2004,,,,,,
-121.9683,44.4625,Bigfoot Report Class B Aug 2004,,,,,,
-109.75,40.9,Bigfoot Report Class B Aug 2004,,,,,,
-120.715,47.775,Bigfoot Report Class B Aug 2004,,,,,,
-120.6049,38.9037,Bigfoot Report Class B Aug 2005,,,,,,
-123.84,49.53,Bigfoot Report Class B Aug 2005,,,,,,
-79.72499,47.05556,Bigfoot Report Class B Aug 2005,,,,,,
-90.44405,48.6055,Bigfoot Report Class B Aug 2005,,,,,,
-81.45421,29.7788,Bigfoot Report Class B Aug 2005,,,,,,
-85.10299,34.4826,Bigfoot Report Class B Aug 2005,,,,,,
-108.8548,36.14505,Bigfoot Report Class B Aug 2005,,,,,,
-106.9571,36.095,Bigfoot Report Class B Aug 2005,,,,,,
-81.28275,41.50086,Bigfoot Report Class B Aug 2005,,,,,,
-81.5518,40.1138,Bigfoot Report Class B Aug 2005,,,,,,
-93.97194,30.33778,Bigfoot Report Class B Aug 2005,,,,,,
-110,40.65,Bigfoot Report Class B Aug 2005,,,,,,
-111.23,39.48,Bigfoot Report Class B Aug 2005,,,,,,
-73.0723,43.1635,Bigfoot Report Class B Aug 2005,,,,,,
-121.1544,47.71167,Bigfoot Report Class B Aug 2005,,,,,,
-124.1736,46.92694,Bigfoot Report Class B Aug 2005,,,,,,
-122.3291,46.13795,Bigfoot Report Class B Aug 2005,,,,,,
-111.375,34.425,Bigfoot Report Class B Aug 2006,,,,,,
-111.675,35.3,Bigfoot Report Class B Aug 2006,,,,,,
-124.2,40.3,Bigfoot Report Class B Aug 2006,,,,,,
-120.6502,55.9027,Bigfoot Report Class B Aug 2006,,,,,,
-125.4051,49.58458,Bigfoot Report Class B Aug 2006,,,,,,
-124.1744,48.7305,Bigfoot Report Class B Aug 2006,,,,,,
-78.4529,44.1664,Bigfoot Report Class B Aug 2006,,,,,,
-86.93636,39.72848,Bigfoot Report Class B Aug 2006,,,,,,
-81.402,35.194,Bigfoot Report Class B Aug 2006,,,,,,
-81.27506,41.38199,Bigfoot Report Class B Aug 2006,,,,,,
-123.2916,42.125,Bigfoot Report Class B Aug 2006,,,,,,
-95.20691,31.50773,Bigfoot Report Class B Aug 2006,,,,,,
-100.4219,31.44815,Bigfoot Report Class B Aug 2006,,,,,,
-119.187,48.32956,Bigfoot Report Class B Aug 2006,,,,,,
-111.4925,34.375,Bigfoot Report Class B Aug 2007,,,,,,
-111.4,34.575,Bigfoot Report Class B Aug 2007,,,,,,
-111.7101,35.33069,Bigfoot Report Class B Aug 2007,,,,,,
-120.0825,38.80435,Bigfoot Report Class B Aug 2007,,,,,,
-119.864,38.17625,Bigfoot Report Class B Aug 2007,,,,,,
-124.0101,40.35259,Bigfoot Report Class B Aug 2007,,,,,,
-74.84528,40.60667,Bigfoot Report Class B Aug 2007,,,,,,
-75.57448,43.64706,Bigfoot Report Class B Aug 2007,,,,,,
-110.3583,40.61125,Bigfoot Report Class B Aug 2007,,,,,,
-111.5833,41.41125,Bigfoot Report Class B Aug 2007,,,,,,
-122.1931,46.11887,Bigfoot Report Class B Aug 2007,,,,,,
-142.7691,63.98869,Bigfoot Report Class B Aug 2008,,,,,,
-117.0416,34.04165,Bigfoot Report Class B Aug 2008,,,,,,
-118.3804,35.5803,Bigfoot Report Class B Aug 2008,,,,,,
-116.7944,34.2556,Bigfoot Report Class B Aug 2008,,,,,,
-118.7952,50.15078,Bigfoot Report Class B Aug 2008,,,,,,
-118.8412,50.3715,Bigfoot Report Class B Aug 2008,,,,,,
-127.1616,54.78464,Bigfoot Report Class B Aug 2008,,,,,,
-81.9347,30.0461,Bigfoot Report Class B Aug 2008,,,,,,
-116.71,48.33,Bigfoot Report Class B Aug 2008,,,,,,
-94.80162,46.67197,Bigfoot Report Class B Aug 2008,,,,,,
-94.7264,34.73966,Bigfoot Report Class B Aug 2008,,,,,,
-123.4573,46.03193,Bigfoot Report Class B Aug 2008,,,,,,
-117.925,45.91665,Bigfoot Report Class B Aug 2008,,,,,,
-122.0303,46.39019,Bigfoot Report Class B Aug 2008,,,,,,
-121.9563,47.00008,Bigfoot Report Class B Aug 2008,,,,,,
-121.851,48.13025,Bigfoot Report Class B Aug 2008,,,,,,
-79.98,38.55,Bigfoot Report Class B Aug 2008,,,,,,
-122.7,41.1139,Bigfoot Report Class B Aug 2009,,,,,,
-115.0964,51.35316,Bigfoot Report Class B Aug 2009,,,,,,
-95.92831,33.79094,Bigfoot Report Class B Aug 2009,,,,,,
-123.3724,44.09462,Bigfoot Report Class B Aug 83 or 84,,,,,,
-76.06987,44.77658,Bigfoot Report Class B Aug apx 1979,,,,,,
-89.30945,48.3766,Bigfoot Report Class B Dec 1958,,,,,,
-117.1153,47.92528,Bigfoot Report Class B Dec 1961,,,,,,
-119.984,38.23243,Bigfoot Report Class B Dec 1963,,,,,,
-119.0812,50.61847,Bigfoot Report Class B Dec 1974,,,,,,
-81.80539,29.22079,Bigfoot Report Class B Dec 1974,,,,,,
-80.66,36.134,Bigfoot Report Class B Dec 1976,,,,,,
-88.9487,37.72735,Bigfoot Report Class B Dec 1977,,,,,,
-70.48792,41.73125,Bigfoot Report Class B Dec 1977-8,,,,,,
-120.3689,38.20444,Bigfoot Report Class B Dec 1978,,,,,,
-91.64719,38.01223,Bigfoot Report Class B Dec 1978,,,,,,
-112.571,46.05292,Bigfoot Report Class B Dec 1988,,,,,,
-90.1498,40.04505,Bigfoot Report Class B Dec 1990 or 1991,,,,,,
-123.6886,46.35099,Bigfoot Report Class B Dec 1992,,,,,,
-98.34489,32.817,Bigfoot Report Class B Dec 1994,,,,,,
-85.11039,30.08341,Bigfoot Report Class B Dec 1995,,,,,,
-81.88995,31.9621,Bigfoot Report Class B Dec 1995,,,,,,
-94.37361,32.65,Bigfoot Report Class B Dec 1996,,,,,,
-80.51534,38.27832,Bigfoot Report Class B Dec 1997,,,,,,
-96.01464,41.48453,Bigfoot Report Class B Dec 1999,,,,,,
-107.1771,37.19583,Bigfoot Report Class B Dec 2000,,,,,,
-82.4831,35.36,Bigfoot Report Class B Dec 2000,,,,,,
-117.9486,46.03333,Bigfoot Report Class B Dec 2000,,,,,,
-95.62861,33.82722,Bigfoot Report Class B Dec 2001,,,,,,
-83.23206,35.10486,Bigfoot Report Class B Dec 2002,,,,,,
-118.6131,45.58982,Bigfoot Report Class B Dec 2002,,,,,,
-96.2,31.87333,Bigfoot Report Class B Dec 2002,,,,,,
-149.7667,61.09085,Bigfoot Report Class B Dec 2003,,,,,,
-120.8983,39.21667,Bigfoot Report Class B Dec 2003,,,,,,
-95.58334,30.95972,Bigfoot Report Class B Dec 2003,,,,,,
-97.59946,31.37756,Bigfoot Report Class B Dec 2004,,,,,,
-123.8647,46.988,Bigfoot Report Class B Dec 2004,,,,,,
-90.46,45.94,Bigfoot Report Class B Dec 2004,,,,,,
-91.51528,35.69958,Bigfoot Report Class B Dec 2005,,,,,,
-80.985,39.51,Bigfoot Report Class B Dec 2005,,,,,,
-81.58581,27.9013,Bigfoot Report Class B Dec 2006,,,,,,
-83.77232,34.37537,Bigfoot Report Class B Dec 2006,,,,,,
-85.15337,33.81461,Bigfoot Report Class B Dec 2006,,,,,,
-93.45042,35.06144,Bigfoot Report Class B Dec 2007,,,,,,
-81.303,25.901,Bigfoot Report Class B Dec 2007,,,,,,
-75.9799,41.79985,Bigfoot Report Class B Dec 2007,,,,,,
-76.91354,44.70596,Bigfoot Report Class B Dec 2008,,,,,,
-86.81714,39.74356,Bigfoot Report Class B Dec 2008,,,,,,
-82.0125,29.95301,Bigfoot Report Class B Dec 2009,,,,,,
-89.80123,38.90123,Bigfoot Report Class B Dec 2009,,,,,,
-121.3866,42.36945,Bigfoot Report Class B Dec 2009,,,,,,
-85.49639,46.52889,Bigfoot Report Class B Feb 1972,,,,,,
-118.9591,35.2673,Bigfoot Report Class B Feb 1980,,,,,,
-81.898,28.917,Bigfoot Report Class B Feb 1980-1981,,,,,,
-90.59601,41.65225,Bigfoot Report Class B Feb 1981,,,,,,
-82.98764,36.36264,Bigfoot Report Class B Feb 1981,,,,,,
-85.77714,44.64535,Bigfoot Report Class B Feb 1984,,,,,,
-123.4898,47.2293,Bigfoot Report Class B Feb 1984/1996,,,,,,
-91.4261,40.4415,Bigfoot Report Class B Feb 1985,,,,,,
-93.23111,34.39,Bigfoot Report Class B Feb 1992,,,,,,
-81.07385,25.782,Bigfoot Report Class B Feb 1992,,,,,,
-85.99374,41.77945,Bigfoot Report Class B Feb 1993,,,,,,
-81.02917,39.75531,Bigfoot Report Class B Feb 1994,,,,,,
-124.426,42.4018,Bigfoot Report Class B Feb 1994,,,,,,
-74.78004,40.99567,Bigfoot Report Class B Feb 1995,,,,,,
-122.2674,49.84818,Bigfoot Report Class B Feb 1996,,,,,,
-108.1292,37.4125,Bigfoot Report Class B Feb 1997,,,,,,
-88.12464,45.43522,Bigfoot Report Class B Feb 1999,,,,,,
-94.93722,34.53889,Bigfoot Report Class B Feb 2000,,,,,,
-93.8417,33.31194,Bigfoot Report Class B Feb 2001,,,,,,
-83.59014,42.285,Bigfoot Report Class B Feb 2001,,,,,,
-116.1386,50.50041,Bigfoot Report Class B Feb 2002,,,,,,
-121.9547,45.3207,Bigfoot Report Class B Feb 2003,,,,,,
-102.7291,47.63297,Bigfoot Report Class B Feb 2004,,,,,,
-86.2952,33.6332,Bigfoot Report Class B Feb 2005,,,,,,
-112.76,50.7,Bigfoot Report Class B Feb 2005,,,,,,
-81.4692,29.04865,Bigfoot Report Class B Feb 2005,,,,,,
-95.488,39.1441,Bigfoot Report Class B Feb 2005,,,,,,
-95.0168,47.8764,Bigfoot Report Class B Feb 2005,,,,,,
-118.1806,40.52737,Bigfoot Report Class B Feb 2005,,,,,,
-73.73606,44.66399,Bigfoot Report Class B Feb 2005,,,,,,
-94.575,34.64583,Bigfoot Report Class B Feb 2005,,,,,,
-80.65645,32.9032,Bigfoot Report Class B Feb 2005,,,,,,
-88.30945,35.80762,Bigfoot Report Class B Feb 2005,,,,,,
-95.5,29,Bigfoot Report Class B Feb 2005,,,,,,
-116.1842,48.15585,Bigfoot Report Class B Feb 2006,,,,,,
-114.7861,51.20306,Bigfoot Report Class B Feb 2007,,,,,,
-92.83521,46.3725,Bigfoot Report Class B Feb 2007,,,,,,
-80.19804,40.50322,Bigfoot Report Class B Feb 2007,,,,,,
-110.4829,34.0425,Bigfoot Report Class B Feb 2009,,,,,,
-118.625,35.17748,Bigfoot Report Class B Feb 2009,,,,,,
-89.41539,41.90703,Bigfoot Report Class B Feb 2010,,,,,,
-83.5214,35.5605,Bigfoot Report Class B Jan 1/5/1998,,,,,,
-81.40079,39.63382,Bigfoot Report Class B Jan 1958,,,,,,
-120.0522,38.1625,Bigfoot Report Class B Jan 1963,,,,,,
-120.0522,38.1625,Bigfoot Report Class B Jan 1963,,,,,,
-80.89485,31.98125,Bigfoot Report Class B Jan 1976,,,,,,
-92.73979,41.02174,Bigfoot Report Class B Jan 1976,,,,,,
-119.8609,37.81269,Bigfoot Report Class B Jan 1977,,,,,,
-83.40573,38.89665,Bigfoot Report Class B Jan 1981,,,,,,
-85.34145,34.69895,Bigfoot Report Class B Jan 1983,,,,,,
-83.21735,37.28205,Bigfoot Report Class B Jan 1984,,,,,,
-74.2975,39.7384,Bigfoot Report Class B Jan 1994?,,,,,,
-120.105,53.24,Bigfoot Report Class B Jan 1996,,,,,,
-82.70584,38.53082,Bigfoot Report Class B Jan 1996,,,,,,
-122.5819,47.3724,Bigfoot Report Class B Jan 1996,,,,,,
-85.0681,29.8398,Bigfoot Report Class B Jan 1998,,,,,,
-80.46865,36.38287,Bigfoot Report Class B Jan 1999,,,,,,
-118.0519,46.0675,Bigfoot Report Class B Jan 2000,,,,,,
-91.0955,30.96745,Bigfoot Report Class B Jan 2001,,,,,,
-71.46778,43.28556,Bigfoot Report Class B Jan 2001,,,,,,
-76.17366,42.40489,Bigfoot Report Class B Jan 2001,,,,,,
-101.5361,33.45278,Bigfoot Report Class B Jan 2001,,,,,,
-82.0849,38.8448,Bigfoot Report Class B Jan 2001,,,,,,
-81.39806,30.0771,Bigfoot Report Class B Jan 2002,,,,,,
-119.5089,43.27355,Bigfoot Report Class B Jan 2004,,,,,,
-87.5034,46.52545,Bigfoot Report Class B Jan 2004,,,,,,
-95.41817,32.51556,Bigfoot Report Class B Jan 2004,,,,,,
-79.5653,38.6934,Bigfoot Report Class B Jan 2004,,,,,,
-123.15,39.25,Bigfoot Report Class B Jan 2005,,,,,,
-119.2018,50.35025,Bigfoot Report Class B Jan 2005,,,,,,
-114.08,46.75889,Bigfoot Report Class B Jan 2005,,,,,,
-112.05,34.7,Bigfoot Report Class B Jan 2006,,,,,,
-121.9167,40.4999,Bigfoot Report Class B Jan 2006,,,,,,
-118.7652,50.24532,Bigfoot Report Class B Jan 2006,,,,,,
-80.375,36.48615,Bigfoot Report Class B Jan 2006,,,,,,
-121.9446,42.23865,Bigfoot Report Class B Jan 2006,,,,,,
-85.21545,32.67715,Bigfoot Report Class B Jan 2007,,,,,,
-125.4736,49.07165,Bigfoot Report Class B Jan 2007,,,,,,
-87.3459,46.34445,Bigfoot Report Class B Jan 2007,,,,,,
-94.7297,34.74338,Bigfoot Report Class B Jan 2007,,,,,,
-122.9316,46.50511,Bigfoot Report Class B Jan 2007,,,,,,
-79.665,39.9433,Bigfoot Report Class B Jan 2007,,,,,,
-85.87055,33.46345,Bigfoot Report Class B Jan 2008,,,,,,
-76.364,36.6765,Bigfoot Report Class B Jan 2008,,,,,,
-121.905,48.105,Bigfoot Report Class B Jan 2008,,,,,,
-70.97708,41.60551,Bigfoot Report Class B Jan 2009,,,,,,
-118.3302,35.12931,Bigfoot Report Class B Jan 2010,,,,,,
-90.28404,40.63267,Bigfoot Report Class B Jan 2010,,,,,,
-85.00044,38.63813,Bigfoot Report Class B Jan 2010,,,,,,
-90.6763,30.509,Bigfoot Report Class B Jan 97-98,,,,,,
-90.50072,38.21719,Bigfoot Report Class B Jan Late 1980s,,,,,,
-91.87774,45.5258,Bigfoot Report Class B Jul 1976,,,,,,
-73.64642,41.59773,Bigfoot Report Class B Jul 07,,,,,,
-93.42848,35.15193,Bigfoot Report Class B Jul 07-26-08,,,,,,
-81.861,35.148,Bigfoot Report Class B Jul 1968,,,,,,
-122.277,45.4861,Bigfoot Report Class B Jul 1970,,,,,,
-96.55,30.33333,Bigfoot Report Class B Jul 1972,,,,,,
-83.67,42.2375,Bigfoot Report Class B Jul 1974,,,,,,
-121.6406,48.02611,Bigfoot Report Class B Jul 1974,,,,,,
-122.0375,47.40667,Bigfoot Report Class B Jul 1975,,,,,,
-81.14714,37.80531,Bigfoot Report Class B Jul 1975,,,,,,
-120.0397,38.45861,Bigfoot Report Class B Jul 1977,,,,,,
-93.51,36.73,Bigfoot Report Class B Jul 1978,,,,,,
-115.6418,48.27011,Bigfoot Report Class B Jul 1978,,,,,,
-74.035,40.07,Bigfoot Report Class B Jul 1978,,,,,,
-123.6481,42.16298,Bigfoot Report Class B Jul 1978,,,,,,
-112.6921,54.88394,Bigfoot Report Class B Jul 1979,,,,,,
-70.97559,42.12697,Bigfoot Report Class B Jul 1979,,,,,,
-96.42668,41.2333,Bigfoot Report Class B Jul 1979,,,,,,
-124.0273,46.31401,Bigfoot Report Class B Jul 1979,,,,,,
-81.71505,26.09729,Bigfoot Report Class B Jul 1980,,,,,,
-122.7789,45.03575,Bigfoot Report Class B Jul 1980,,,,,,
-121.6444,45.5775,Bigfoot Report Class B Jul 1980,,,,,,
-79.3178,41.47511,Bigfoot Report Class B Jul 1980,,,,,,
-122.3269,49.48486,Bigfoot Report Class B Jul 1980-81?,,,,,,
-123.24,38.51639,Bigfoot Report Class B Jul 1981,,,,,,
-81.92994,41.2804,Bigfoot Report Class B Jul 1981,,,,,,
-83.12916,38.68516,Bigfoot Report Class B Jul 1982,,,,,,
-121.6278,48.72917,Bigfoot Report Class B Jul 1982,,,,,,
-121.8221,46.74551,Bigfoot Report Class B Jul 1982,,,,,,
-119.8208,38.77778,Bigfoot Report Class B Jul 1983,,,,,,
-82.42065,28.76465,Bigfoot Report Class B Jul 1983,,,,,,
-81.8539,26.7621,Bigfoot Report Class B Jul 1983,,,,,,
-123.8042,39.44583,Bigfoot Report Class B Jul 1985,,,,,,
-122.1914,46.04722,Bigfoot Report Class B Jul 1985,,,,,,
-122.7607,46.9363,Bigfoot Report Class B Jul 1985,,,,,,
-80.429,38.312,Bigfoot Report Class B Jul 1985,,,,,,
-122.585,38.415,Bigfoot Report Class B Jul 1986,,,,,,
-118.2084,36.07081,Bigfoot Report Class B Jul 1986,,,,,,
-83.49205,37.2731,Bigfoot Report Class B Jul 1986,,,,,,
-86.81917,46.01278,Bigfoot Report Class B Jul 1986,,,,,,
-110.9325,40.77988,Bigfoot Report Class B Jul 1986,,,,,,
-77.5873,34.7576,Bigfoot Report Class B Jul 1987,,,,,,
-122.6893,46.94445,Bigfoot Report Class B Jul 1987,,,,,,
-98.38333,32.83333,Bigfoot Report Class B Jul 1988,,,,,,
-90.55585,41.76392,Bigfoot Report Class B Jul 1989,,,,,,
-74.1301,40.053,Bigfoot Report Class B Jul 1989,,,,,,
-123.4911,43.16815,Bigfoot Report Class B Jul 1989,,,,,,
-85.5045,40.7219,Bigfoot Report Class B Jul 1989/90,,,,,,
-121.6347,43.7151,Bigfoot Report Class B Jul 1990,,,,,,
-122.1647,44.99745,Bigfoot Report Class B Jul 1991,,,,,,
-121.4044,47.33515,Bigfoot Report Class B Jul 1991,,,,,,
-89.7384,45.9555,Bigfoot Report Class B Jul 1991,,,,,,
-98.03083,29.57444,Bigfoot Report Class B Jul 1993,,,,,,
-121.1958,47.79222,Bigfoot Report Class B Jul 1993,,,,,,
-122.6361,41.72944,Bigfoot Report Class B Jul 1994,,,,,,
-82.87125,30.26682,Bigfoot Report Class B Jul 1994,,,,,,
-86.075,43.103,Bigfoot Report Class B Jul 1994,,,,,,
-121.8214,45.49805,Bigfoot Report Class B Jul 1994-96,,,,,,
-103.9236,52.60837,Bigfoot Report Class B Jul 1995,,,,,,
-118.4102,48.95876,Bigfoot Report Class B Jul 1995,,,,,,
-120.718,47.8323,Bigfoot Report Class B Jul 1996,,,,,,
-118.7717,44.7751,Bigfoot Report Class B Jul 1997,,,,,,
-94.25556,33.18528,Bigfoot Report Class B Jul 1997,,,,,,
-120.8908,47.25722,Bigfoot Report Class B Jul 1997,,,,,,
-118.9656,37.2725,Bigfoot Report Class B Jul 1998,,,,,,
-76.77447,37.1694,Bigfoot Report Class B Jul 1998,,,,,,
-121.0777,47.2842,Bigfoot Report Class B Jul 1998,,,,,,
-117.0654,49.82221,Bigfoot Report Class B Jul 1998-2004,,,,,,
-116.96,51.3,Bigfoot Report Class B Jul 1999,,,,,,
-123.455,43.7667,Bigfoot Report Class B Jul 1999,,,,,,
-79.33517,38.90203,Bigfoot Report Class B Jul 1999,,,,,,
-85.8175,33.48665,Bigfoot Report Class B Jul 2000,,,,,,
-120.0914,38.9575,Bigfoot Report Class B Jul 2000,,,,,,
-120.2392,38.99778,Bigfoot Report Class B Jul 2000,,,,,,
-84.47611,44.82167,Bigfoot Report Class B Jul 2000,,,,,,
-122.2777,45.40023,Bigfoot Report Class B Jul 2000,,,,,,
-123.7718,44.96651,Bigfoot Report Class B Jul 2000,,,,,,
-123.4043,42.09224,Bigfoot Report Class B Jul 2000,,,,,,
-76.28729,36.5884,Bigfoot Report Class B Jul 2000,,,,,,
-117.6767,46.33333,Bigfoot Report Class B Jul 2000,,,,,,
-121.3051,46.8733,Bigfoot Report Class B Jul 2000,,,,,,
-120.3,47.29833,Bigfoot Report Class B Jul 2000,,,,,,
-121.2764,46.82167,Bigfoot Report Class B Jul 2000,,,,,,
-79.32608,39.06881,Bigfoot Report Class B Jul 2000,,,,,,
-109.6429,44.49817,Bigfoot Report Class B Jul 2000,,,,,,
-110.13,49.75,Bigfoot Report Class B Jul 2001,,,,,,
-93.41,37.54661,Bigfoot Report Class B Jul 2001,,,,,,
-122.8494,44.6616,Bigfoot Report Class B Jul 2001,,,,,,
-123.1583,47.2641,Bigfoot Report Class B Jul 2001,,,,,,
-89.8741,45.7264,Bigfoot Report Class B Jul 2001,,,,,,
-119.9924,38.24805,Bigfoot Report Class B Jul 2002,,,,,,
-89.31389,46.87111,Bigfoot Report Class B Jul 2002,,,,,,
-122.5674,44.79307,Bigfoot Report Class B Jul 2002,,,,,,
-83.47566,35.64151,Bigfoot Report Class B Jul 2002,,,,,,
-121.45,47.09685,Bigfoot Report Class B Jul 2002,,,,,,
-118.8215,43.85975,Bigfoot Report Class B Jul 2003,,,,,,
-123.5792,45.0487,Bigfoot Report Class B Jul 2003,,,,,,
-122.2196,48.78336,Bigfoot Report Class B Jul 2003,,,,,,
-79.95695,38.8762,Bigfoot Report Class B Jul 2003,,,,,,
-155.981,57.7566,Bigfoot Report Class B Jul 2004,,,,,,
-120.5264,38.39917,Bigfoot Report Class B Jul 2004,,,,,,
-78.93061,45.65532,Bigfoot Report Class B Jul 2004,,,,,,
-84.25755,32.80865,Bigfoot Report Class B Jul 2004,,,,,,
-81.2558,40.42687,Bigfoot Report Class B Jul 2004,,,,,,
-81.1188,40.20275,Bigfoot Report Class B Jul 2004,,,,,,
-122.8042,43.6583,Bigfoot Report Class B Jul 2004,,,,,,
-111.63,40.42,Bigfoot Report Class B Jul 2004,,,,,,
-121.5633,47.40245,Bigfoot Report Class B Jul 2004,,,,,,
-111.8907,34.7706,Bigfoot Report Class B Jul 2005,,,,,,
-118.9614,37.2804,Bigfoot Report Class B Jul 2005,,,,,,
-123.6667,41.25,Bigfoot Report Class B Jul 2005,,,,,,
-120.7413,40.43298,Bigfoot Report Class B Jul 2005,,,,,,
-119,37.5999,Bigfoot Report Class B Jul 2005,,,,,,
-84.0354,34.6527,Bigfoot Report Class B Jul 2005,,,,,,
-83.007,35.211,Bigfoot Report Class B Jul 2005,,,,,,
-81.57021,41.35208,Bigfoot Report Class B Jul 2005,,,,,,
-118.5658,45.6764,Bigfoot Report Class B Jul 2005,,,,,,
-121.3685,48.66175,Bigfoot Report Class B Jul 2005,,,,,,
-117.3672,48.86479,Bigfoot Report Class B Jul 2005,,,,,,
-121.5354,47.55477,Bigfoot Report Class B Jul 2005,,,,,,
-86.97057,34.73139,Bigfoot Report Class B Jul 2006,,,,,,
-111.7,35.09,Bigfoot Report Class B Jul 2006,,,,,,
-120.914,39.374,Bigfoot Report Class B Jul 2006,,,,,,
-120.1862,38.23475,Bigfoot Report Class B Jul 2006,,,,,,
-120.1666,39.0833,Bigfoot Report Class B Jul 2006,,,,,,
-118.9386,37.1303,Bigfoot Report Class B Jul 2006,,,,,,
-123.8713,49.0489,Bigfoot Report Class B Jul 2006,,,,,,
-121.589,49.15235,Bigfoot Report Class B Jul 2006,,,,,,
-83.07575,31.0614,Bigfoot Report Class B Jul 2006,,,,,,
-86.05825,39.2152,Bigfoot Report Class B Jul 2006,,,,,,
-87.41805,38.1579,Bigfoot Report Class B Jul 2006,,,,,,
-85.359,37.689,Bigfoot Report Class B Jul 2006,,,,,,
-84.16389,44.53665,Bigfoot Report Class B Jul 2006,,,,,,
-86.0221,45.9796,Bigfoot Report Class B Jul 2006,,,,,,
-81.52101,40.11632,Bigfoot Report Class B Jul 2006,,,,,,
-84.05056,35.40472,Bigfoot Report Class B Jul 2006,,,,,,
-100.545,30.566,Bigfoot Report Class B Jul 2006,,,,,,
-109.575,40.75,Bigfoot Report Class B Jul 2006,,,,,,
-81.0321,38.7365,Bigfoot Report Class B Jul 2006,,,,,,
-119.2481,37.90613,Bigfoot Report Class B Jul 2007,,,,,,
-85.948,46.316,Bigfoot Report Class B Jul 2007,,,,,,
-80.559,32.825,Bigfoot Report Class B Jul 2007,,,,,,
-89.7735,35.416,Bigfoot Report Class B Jul 2007,,,,,,
-96.76199,33.81435,Bigfoot Report Class B Jul 2007,,,,,,
-122.0467,46.74621,Bigfoot Report Class B Jul 2007,,,,,,
-120.125,38.375,Bigfoot Report Class B Jul 2008,,,,,,
-93.6383,36.7279,Bigfoot Report Class B Jul 2008,,,,,,
-81.56219,36.42315,Bigfoot Report Class B Jul 2008,,,,,,
-123.9878,47.2331,Bigfoot Report Class B Jul 2008,,,,,,
-109.11,36.225,Bigfoot Report Class B Jul 2009,,,,,,
-78.92731,45.61785,Bigfoot Report Class B Jul 2009,,,,,,
-91.41945,48.0715,Bigfoot Report Class B Jul 2009,,,,,,
-87.08955,39.9347,Bigfoot Report Class B Jul 2009,,,,,,
-82.3045,36.0925,Bigfoot Report Class B Jul 2009,,,,,,
-87.44963,35.78439,Bigfoot Report Class B Jul 2009,,,,,,
-81.8,37.515,Bigfoot Report Class B Jul 2009,,,,,,
-109.355,33.9,Bigfoot Report Class B Jul about 1986,,,,,,
-123.2349,46.63153,Bigfoot Report Class B Jun 04-05,,,,,,
-82.13665,33.4119,Bigfoot Report Class B Jun 1965,,,,,,
-123.2208,40.0625,Bigfoot Report Class B Jun 1975,,,,,,
-75.5167,39.632,Bigfoot Report Class B Jun 1975,,,,,,
-122.1483,48.78056,Bigfoot Report Class B Jun 1976,,,,,,
-123.9599,43.7827,Bigfoot Report Class B Jun 1978,,,,,,
-92.55472,36.36,Bigfoot Report Class B Jun 1980,,,,,,
-81.63025,29.12915,Bigfoot Report Class B Jun 1980,,,,,,
-80.57396,40.69334,Bigfoot Report Class B Jun 1980,,,,,,
-119.7111,38.14167,Bigfoot Report Class B Jun 1981,,,,,,
-121.9313,46.09035,Bigfoot Report Class B Jun 1981,,,,,,
-94.7844,37.4253,Bigfoot Report Class B Jun 1982,,,,,,
-91.1569,38.11203,Bigfoot Report Class B Jun 1982,,,,,,
-81.47081,39.64081,Bigfoot Report Class B Jun 1982,,,,,,
-95.41525,50.85595,Bigfoot Report Class B Jun 1983,,,,,,
-78.9279,37.9808,Bigfoot Report Class B Jun 1984,,,,,,
-122.3353,45.69,Bigfoot Report Class B Jun 1985,,,,,,
-81.2521,26.283,Bigfoot Report Class B Jun 1987,,,,,,
-119.2044,53.53485,Bigfoot Report Class B Jun 1987 or 88,,,,,,
-81.34993,40.62147,Bigfoot Report Class B Jun 1988,,,,,,
-82.055,28.555,Bigfoot Report Class B Jun 1990,,,,,,
-89.81163,30.85052,Bigfoot Report Class B Jun 1991 & 2008,,,,,,
-121.1008,47.3991,Bigfoot Report Class B Jun 1992,,,,,,
-83.43667,41.14896,Bigfoot Report Class B Jun 1993,,,,,,
-119.7023,48.9138,Bigfoot Report Class B Jun 1994,,,,,,
-92.25139,36.37139,Bigfoot Report Class B Jun 1997,,,,,,
-110.175,32.65,Bigfoot Report Class B Jun 1997,,,,,,
-83.8329,34.7064,Bigfoot Report Class B Jun 1997,,,,,,
-123.793,41.8607,Bigfoot Report Class B Jun 1998,,,,,,
-122.0514,46.17861,Bigfoot Report Class B Jun 1998,,,,,,
-84.6971,34.1088,Bigfoot Report Class B Jun 1999,,,,,,
-83.55718,42.15965,Bigfoot Report Class B Jun 1999,,,,,,
-111.5228,34.96295,Bigfoot Report Class B Jun 2000,,,,,,
-120.8275,39.01917,Bigfoot Report Class B Jun 2000,,,,,,
-122.4808,45.03255,Bigfoot Report Class B Jun 2000,,,,,,
-121.2981,46.87139,Bigfoot Report Class B Jun 2000,,,,,,
-93.76,36.34389,Bigfoot Report Class B Jun 2001,,,,,,
-118.6092,36.4525,Bigfoot Report Class B Jun 2001,,,,,,
-80.86715,28.98195,Bigfoot Report Class B Jun 2001,,,,,,
-80.67828,40.3725,Bigfoot Report Class B Jun 2001,,,,,,
-110.825,40.825,Bigfoot Report Class B Jun 2001,,,,,,
-82.07358,38.46118,Bigfoot Report Class B Jun 2001,,,,,,
-121.7314,40.53806,Bigfoot Report Class B Jun 2002,,,,,,
-92.30575,46.05229,Bigfoot Report Class B Jun 2002,,,,,,
-124.0586,41.28694,Bigfoot Report Class B Jun 2003,,,,,,
-120.5619,38.71806,Bigfoot Report Class B Jun 2003,,,,,,
-76.601,45.737,Bigfoot Report Class B Jun 2003,,,,,,
-107.9584,37.70835,Bigfoot Report Class B Jun 2003,,,,,,
-89.34285,41.86395,Bigfoot Report Class B Jun 2003,,,,,,
-86.0163,37.1496,Bigfoot Report Class B Jun 2003,,,,,,
-113.82,48.68,Bigfoot Report Class B Jun 2003,,,,,,
-121.3676,47.8901,Bigfoot Report Class B Jun 2003,,,,,,
-121.9192,46.21583,Bigfoot Report Class B Jun 2003,,,,,,
-123.8979,47.4645,Bigfoot Report Class B Jun 2003,,,,,,
-91.10812,46.25961,Bigfoot Report Class B Jun 2003,,,,,,
-92.44583,35.77,Bigfoot Report Class B Jun 2004,,,,,,
-121.4822,39.53722,Bigfoot Report Class B Jun 2004,,,,,,
-118.8165,50.90493,Bigfoot Report Class B Jun 2004,,,,,,
-107.4667,37.38334,Bigfoot Report Class B Jun 2004,,,,,,
-115.3106,44.14555,Bigfoot Report Class B Jun 2004,,,,,,
-86.23506,38.4191,Bigfoot Report Class B Jun 2004,,,,,,
-92.88618,46.02361,Bigfoot Report Class B Jun 2004,,,,,,
-105.7197,33.2516,Bigfoot Report Class B Jun 2004,,,,,,
-77.664,43.2696,Bigfoot Report Class B Jun 2004,,,,,,
-82.27037,39.24523,Bigfoot Report Class B Jun 2004,,,,,,
-122.3803,45.1867,Bigfoot Report Class B Jun 2004,,,,,,
-123.5417,45.93701,Bigfoot Report Class B Jun 2004,,,,,,
-96.04472,28.8,Bigfoot Report Class B Jun 2004,,,,,,
-81.14833,39.61958,Bigfoot Report Class B Jun 2004,,,,,,
-106.9958,36.91475,Bigfoot Report Class B Jun 2005,,,,,,
-106.9547,36.7657,Bigfoot Report Class B Jun 2005,,,,,,
-122.1874,44.699,Bigfoot Report Class B Jun 2005,,,,,,
-123.9364,47.86028,Bigfoot Report Class B Jun 2005,,,,,,
-121.8785,50.94152,Bigfoot Report Class B Jun 2006,,,,,,
-107.1971,37.89225,Bigfoot Report Class B Jun 2006,,,,,,
-84.80283,33.81283,Bigfoot Report Class B Jun 2006,,,,,,
-84.79601,33.796,Bigfoot Report Class B Jun 2006,,,,,,
-115.8405,45.16792,Bigfoot Report Class B Jun 2006,,,,,,
-88.4375,41.625,Bigfoot Report Class B Jun 2006,,,,,,
-94.1211,47.3304,Bigfoot Report Class B Jun 2006,,,,,,
-93.9137,47.323,Bigfoot Report Class B Jun 2006,,,,,,
-74.3966,39.934,Bigfoot Report Class B Jun 2006,,,,,,
-74.00528,43.81495,Bigfoot Report Class B Jun 2006,,,,,,
-84.85902,36.39403,Bigfoot Report Class B Jun 2006,,,,,,
-86.611,46.159,Bigfoot Report Class B Jun 2006 / 07,,,,,,
-110.0632,34.27139,Bigfoot Report Class B Jun 2007,,,,,,
-81.8592,29.77291,Bigfoot Report Class B Jun 2007,,,,,,
-85.95915,42.4637,Bigfoot Report Class B Jun 2007,,,,,,
-86.5367,46.4722,Bigfoot Report Class B Jun 2007,,,,,,
-92.84309,46.3666,Bigfoot Report Class B Jun 2007,,,,,,
-82.82005,34.35765,Bigfoot Report Class B Jun 2007,,,,,,
-121.6495,49.16795,Bigfoot Report Class B Jun 2008,,,,,,
-106.4745,37.26505,Bigfoot Report Class B Jun 2008,,,,,,
-81.14076,28.63434,Bigfoot Report Class B Jun 2008,,,,,,
-85.23538,45.33075,Bigfoot Report Class B Jun 2008,,,,,,
-94.83755,47.1589,Bigfoot Report Class B Jun 2008,,,,,,
-103.6183,44.38611,Bigfoot Report Class B Jun 2008,,,,,,
-101.5205,53.687,Bigfoot Report Class B Jun 2009,,,,,,
-81.8992,30.25389,Bigfoot Report Class B Jun 2009,,,,,,
-84.1317,39.03501,Bigfoot Report Class B Jun 2009,,,,,,
-123.5524,44.50455,Bigfoot Report Class B Jun 2009,,,,,,
-122.0566,46.75225,Bigfoot Report Class B Jun 2010,,,,,,
-93.87194,31.56,Bigfoot Report Class B Jun Late 1970s,,,,,,
-80.64211,40.34042,Bigfoot Report Class B Late 70s,,,,,,
-85.84005,41.80205,Bigfoot Report Class B Late1960's,,,,,,
-86.36485,35.94778,Bigfoot Report Class B Mar '92-'93,,,,,,
-118.5545,48.7844,Bigfoot Report Class B Mar 05,,,,,,
-121.7913,46.3341,Bigfoot Report Class B Mar 1969,,,,,,
-122.5926,47.0849,Bigfoot Report Class B Mar 1971,,,,,,
-80.5158,25.4817,Bigfoot Report Class B Mar 1971-72,,,,,,
-84.20175,33.97005,Bigfoot Report Class B Mar 1974,,,,,,
-92.70348,34.52473,Bigfoot Report Class B Mar 1975?,,,,,,
-92.1426,37.5656,Bigfoot Report Class B Mar 1977,,,,,,
-77.52356,44.1028,Bigfoot Report Class B Mar 1982,,,,,,
-122.9539,48.03632,Bigfoot Report Class B Mar 1983,,,,,,
-119.5143,50.03625,Bigfoot Report Class B Mar 1984,,,,,,
-81.38915,36.3461,Bigfoot Report Class B Mar 1987,,,,,,
-156.75,69.5,Bigfoot Report Class B Mar 1988,,,,,,
-82.26195,35.74875,Bigfoot Report Class B Mar 1988,,,,,,
-123.7,40.85,Bigfoot Report Class B Mar 1994,,,,,,
-81.8945,29.0765,Bigfoot Report Class B Mar 1994,,,,,,
-81.56152,41.31609,Bigfoot Report Class B Mar 1995,,,,,,
-119.6389,45.83675,Bigfoot Report Class B Mar 1995,,,,,,
-125.1676,49.5368,Bigfoot Report Class B Mar 1998,,,,,,
-81.96845,40.2287,Bigfoot Report Class B Mar 1998,,,,,,
-112.19,36.74,Bigfoot Report Class B Mar 1999,,,,,,
-122.5386,47.00444,Bigfoot Report Class B Mar 2000,,,,,,
-120.5414,41.48722,Bigfoot Report Class B Mar 2001,,,,,,
-120.2667,38.05,Bigfoot Report Class B Mar 2001,,,,,,
-119.9,55.3,Bigfoot Report Class B Mar 2001,,,,,,
-81.3142,25.84875,Bigfoot Report Class B Mar 2001,,,,,,
-122.3057,44.97487,Bigfoot Report Class B Mar 2001,,,,,,
-122.1283,46.10861,Bigfoot Report Class B Mar 2001,,,,,,
-111.5986,40.26705,Bigfoot Report Class B Mar 2003,,,,,,
-86.255,31.29,Bigfoot Report Class B Mar 2004,,,,,,
-119.152,55.404,Bigfoot Report Class B Mar 2004,,,,,,
-85.02585,35.5467,Bigfoot Report Class B Mar 2004,,,,,,
-85.685,30.79,Bigfoot Report Class B Mar 2005,,,,,,
-89.34647,39.74678,Bigfoot Report Class B Mar 2005,,,,,,
-123.2433,44.6693,Bigfoot Report Class B Mar 2005,,,,,,
-94.66653,30.66986,Bigfoot Report Class B Mar 2005,,,,,,
-121.9677,48.11509,Bigfoot Report Class B Mar 2005,,,,,,
-121.6064,49.32014,Bigfoot Report Class B Mar 2006,,,,,,
-129.4015,56.54958,Bigfoot Report Class B Mar 2006,,,,,,
-81.649,28.966,Bigfoot Report Class B Mar 2006,,,,,,
-85.97701,30.993,Bigfoot Report Class B Mar 2006,,,,,,
-93.25712,36.71418,Bigfoot Report Class B Mar 2006,,,,,,
-74.46155,40.9427,Bigfoot Report Class B Mar 2006,,,,,,
-73.56614,43.66344,Bigfoot Report Class B Mar 2006,,,,,,
-120.0416,38.20835,Bigfoot Report Class B Mar 2007,,,,,,
-81.89438,30.10534,Bigfoot Report Class B Mar 2007,,,,,,
-81.45354,28.80455,Bigfoot Report Class B Mar 2007,,,,,,
-81.34159,32.13781,Bigfoot Report Class B Mar 2007,,,,,,
-90.58915,48.0607,Bigfoot Report Class B Mar 2007,,,,,,
-105.7338,33.27094,Bigfoot Report Class B Mar 2008,,,,,,
-122.6766,47.2198,Bigfoot Report Class B Mar 2008,,,,,,
-180,47.32307,Bigfoot Report Class B Mar 2008,,,,,,
-81.1447,37.6665,Bigfoot Report Class B Mar 2008,,,,,,
-70.89049,41.83664,Bigfoot Report Class B Mar 2009,,,,,,
-75.58825,44.62185,Bigfoot Report Class B Mar 2009,,,,,,
-122.5089,48.17107,Bigfoot Report Class B Mar 2009,,,,,,
-82.74595,37.22604,Bigfoot Report Class B Mar 2010,,,,,,
-89.18135,43.8708,Bigfoot Report Class B Mar 2010,,,,,,
-121.9531,44.15568,Bigfoot Report Class B May 1977,,,,,,
-95.54278,33.33,Bigfoot Report Class B May 1978,,,,,,
-118.3743,37.15889,Bigfoot Report Class B May 1980,,,,,,
-122.2738,46.79955,Bigfoot Report Class B May 1981,,,,,,
-74.45995,40.9575,Bigfoot Report Class B May 1983,,,,,,
-73.66616,41.97341,Bigfoot Report Class B May 1985,,,,,,
-90.2488,37.5562,Bigfoot Report Class B May 1986,,,,,,
-81.99847,40.35097,Bigfoot Report Class B May 1988,,,,,,
-79.9442,39.6716,Bigfoot Report Class B May 1988-2003,,,,,,
-116.1654,51.26903,Bigfoot Report Class B May 1991,,,,,,
-78.28014,43.26886,Bigfoot Report Class B May 1992,,,,,,
-82.124,27.928,Bigfoot Report Class B May 1996,,,,,,
-74.0863,41.66955,Bigfoot Report Class B May 1997,,,,,,
-121.7115,45.32301,Bigfoot Report Class B May 1997,,,,,,
-120.6705,47.4644,Bigfoot Report Class B May 1997,,,,,,
-81.26559,40.33345,Bigfoot Report Class B May 1998,,,,,,
-121.5356,47.3958,Bigfoot Report Class B May 1998,,,,,,
-84.68864,34.0474,Bigfoot Report Class B May 1999,,,,,,
-84.7038,34.1226,Bigfoot Report Class B May 1999,,,,,,
-74.75611,43.61833,Bigfoot Report Class B May 1999,,,,,,
-80.54558,41.72735,Bigfoot Report Class B May 1999,,,,,,
-105.4113,36.599,Bigfoot Report Class B May 2000,,,,,,
-81.99955,40.3244,Bigfoot Report Class B May 2000,,,,,,
-121.6594,47.1608,Bigfoot Report Class B May 2000,,,,,,
-87.97622,38.94564,Bigfoot Report Class B May 2000(?),,,,,,
-132.7333,55.4555,Bigfoot Report Class B May 2001,,,,,,
-118.9592,37.65028,Bigfoot Report Class B May 2001,,,,,,
-119.0736,37.78861,Bigfoot Report Class B May 2001,,,,,,
-120.2636,38.03305,Bigfoot Report Class B May 2001,,,,,,
-88.60707,48.78009,Bigfoot Report Class B May 2001,,,,,,
-105.3812,38.9,Bigfoot Report Class B May 2001,,,,,,
-91.3883,40.3752,Bigfoot Report Class B May 2001,,,,,,
-85.2222,32.6825,Bigfoot Report Class B May 2002,,,,,,
-73.51238,43.6678,Bigfoot Report Class B May 2002,,,,,,
-122.195,47.275,Bigfoot Report Class B May 2002,,,,,,
-123.115,39.83,Bigfoot Report Class B May 2004,,,,,,
-90.1534,38.8657,Bigfoot Report Class B May 2004,,,,,,
-91.97,35.07,Bigfoot Report Class B May 2005,,,,,,
-111.6259,35.1394,Bigfoot Report Class B May 2005,,,,,,
-120.0969,38.96,Bigfoot Report Class B May 2005,,,,,,
-79.40278,46.30688,Bigfoot Report Class B May 2005,,,,,,
-95.13,30.46,Bigfoot Report Class B May 2005,,,,,,
-81.49433,30.2637,Bigfoot Report Class B May 2006,,,,,,
-88.50061,37.61404,Bigfoot Report Class B May 2006,,,,,,
-86.19055,38.43235,Bigfoot Report Class B May 2006,,,,,,
-84.00156,44.34035,Bigfoot Report Class B May 2006,,,,,,
-81.396,34.421,Bigfoot Report Class B May 2006,,,,,,
-118.1666,36.1999,Bigfoot Report Class B May 2007,,,,,,
-80.95958,32.29968,Bigfoot Report Class B May 2007,,,,,,
-93.85965,40.8348,Bigfoot Report Class B May 2008,,,,,,
-76.811,39.11378,Bigfoot Report Class B May 2008,,,,,,
-87.2352,35.0228,Bigfoot Report Class B May 2008,,,,,,
-80.90944,40.64049,Bigfoot Report Class B May 2009,,,,,,
-80.45451,33.04536,Bigfoot Report Class B May 2009,,,,,,
-122.6361,46.51479,Bigfoot Report Class B May 2009,,,,,,
-89.73378,40.82944,Bigfoot Report Class B May 2010,,,,,,
-77.62407,40.61798,Bigfoot Report Class B May about 1980,,,,,,
-86.5153,42.0288,Bigfoot Report Class B Maybe 1974,,,,,,
-86.65,30.75,Bigfoot Report Class B Nov 08,,,,,,
-123.4908,40.20556,Bigfoot Report Class B Nov 1964,,,,,,
-81.1414,41.10715,Bigfoot Report Class B Nov 1970,,,,,,
-122.8887,43.40867,Bigfoot Report Class B Nov 1970,,,,,,
-120.2758,47.19944,Bigfoot Report Class B Nov 1970,,,,,,
-85.39171,34.66029,Bigfoot Report Class B Nov 1974,,,,,,
-118.4538,34.66363,Bigfoot Report Class B Nov 1976,,,,,,
-85.67188,37.7755,Bigfoot Report Class B Nov 1978,,,,,,
-96.28425,48.52579,Bigfoot Report Class B Nov 1978,,,,,,
-116.4873,44.9166,Bigfoot Report Class B Nov 1979,,,,,,
-82.2464,32.34705,Bigfoot Report Class B Nov 1982,,,,,,
-107.1612,36.4178,Bigfoot Report Class B Nov 1982,,,,,,
-94.57375,47.4914,Bigfoot Report Class B Nov 1983,,,,,,
-75.98326,45.33788,Bigfoot Report Class B Nov 1984,,,,,,
-88.53872,42.075,Bigfoot Report Class B Nov 1984,,,,,,
-81.30249,27.84434,Bigfoot Report Class B Nov 1985,,,,,,
-83.51418,44.6375,Bigfoot Report Class B Nov 1985,,,,,,
-82.38086,30.07067,Bigfoot Report Class B Nov 1986,,,,,,
-90.1,41.6,Bigfoot Report Class B Nov 1986,,,,,,
-77.99314,41.70813,Bigfoot Report Class B Nov 1986-1987,,,,,,
-73.00099,41.86425,Bigfoot Report Class B Nov 1987,,,,,,
-83.64597,39.92821,Bigfoot Report Class B Nov 1988-1989,,,,,,
-120.2782,44.0639,Bigfoot Report Class B Nov 1989,,,,,,
-86.9094,35.1918,Bigfoot Report Class B Nov 1989,,,,,,
-112.5649,47.07954,Bigfoot Report Class B Nov 1990 appro,,,,,,
-93.73122,37.19201,Bigfoot Report Class B Nov 1991,,,,,,
-94.20695,32.1,Bigfoot Report Class B Nov 1992,,,,,,
-120.0083,38.19833,Bigfoot Report Class B Nov 1993,,,,,,
-79.495,38.788,Bigfoot Report Class B Nov 1994,,,,,,
-74.6298,39.652,Bigfoot Report Class B Nov 1995,,,,,,
-88.7751,46.2803,Bigfoot Report Class B Nov 1996,,,,,,
-121.1458,46.5602,Bigfoot Report Class B Nov 1996,,,,,,
-80.62124,41.1462,Bigfoot Report Class B Nov 1997,,,,,,
-80.48412,26.91319,Bigfoot Report Class B Nov 1998,,,,,,
-93.91737,38.46253,Bigfoot Report Class B Nov 1998,,,,,,
-82.24155,39.47642,Bigfoot Report Class B Nov 1998,,,,,,
-121.936,46.48441,Bigfoot Report Class B Nov 1998,,,,,,
-104.1665,44.4165,Bigfoot Report Class B Nov 1998,,,,,,
-93.94389,36.13361,Bigfoot Report Class B Nov 1999,,,,,,
-73.45947,43.56211,Bigfoot Report Class B Nov 1999,,,,,,
-83.93892,40.65572,Bigfoot Report Class B Nov 1999,,,,,,
-95.04778,34.75139,Bigfoot Report Class B Nov 1999,,,,,,
-94.07806,36.25639,Bigfoot Report Class B Nov 2000,,,,,,
-116.7,33.66675,Bigfoot Report Class B Nov 2000,,,,,,
-70.75587,42.17865,Bigfoot Report Class B Nov 2000,,,,,,
-123.7481,41.37861,Bigfoot Report Class B Nov 2001,,,,,,
-120.0047,38.4775,Bigfoot Report Class B Nov 2001,,,,,,
-105.0354,38.71145,Bigfoot Report Class B Nov 2001,,,,,,
-88.16361,47.232,Bigfoot Report Class B Nov 2001,,,,,,
-78.90285,45.50396,Bigfoot Report Class B Nov 2002,,,,,,
-87.00008,31.00009,Bigfoot Report Class B Nov 2002,,,,,,
-81.22745,41.3235,Bigfoot Report Class B Nov 2002,,,,,,
-122.2864,47.0586,Bigfoot Report Class B Nov 2002,,,,,,
-121.6606,46.7225,Bigfoot Report Class B Nov 2002,,,,,,
-123.3958,47.2055,Bigfoot Report Class B Nov 2002,,,,,,
-123.6581,41.23528,Bigfoot Report Class B Nov 2003,,,,,,
-121.8,49.25,Bigfoot Report Class B Nov 2003,,,,,,
-77.36516,42.54346,Bigfoot Report Class B Nov 2003,,,,,,
-123.296,45.82565,Bigfoot Report Class B Nov 2003,,,,,,
-96.59167,30.525,Bigfoot Report Class B Nov 2003,,,,,,
-80.04166,36.94165,Bigfoot Report Class B Nov 2003,,,,,,
-120.0491,38.45799,Bigfoot Report Class B Nov 2004,,,,,,
-76.85125,45.95625,Bigfoot Report Class B Nov 2004,,,,,,
-72.46315,41.51105,Bigfoot Report Class B Nov 2004,,,,,,
-95.36166,30.405,Bigfoot Report Class B Nov 2004,,,,,,
-95.12305,30.55,Bigfoot Report Class B Nov 2004,,,,,,
-122.3416,46.44165,Bigfoot Report Class B Nov 2004,,,,,,
-91.1713,46.6425,Bigfoot Report Class B Nov 2004,,,,,,
-83.70184,46.29871,Bigfoot Report Class B Nov 2005,,,,,,
-106.6735,39.879,Bigfoot Report Class B Nov 2005,,,,,,
-83.76585,34.66255,Bigfoot Report Class B Nov 2005,,,,,,
-88.55,37.63,Bigfoot Report Class B Nov 2005,,,,,,
-120.7426,47.74435,Bigfoot Report Class B Nov 2005,,,,,,
-110.9725,34.34,Bigfoot Report Class B Nov 2006,,,,,,
-120.245,38.015,Bigfoot Report Class B Nov 2006,,,,,,
-107.8708,40.277,Bigfoot Report Class B Nov 2006,,,,,,
-82.391,27.445,Bigfoot Report Class B Nov 2006,,,,,,
-111.4418,43.61015,Bigfoot Report Class B Nov 2006,,,,,,
-86.42896,44.091,Bigfoot Report Class B Nov 2006,,,,,,
-122.7875,45.11259,Bigfoot Report Class B Nov 2006,,,,,,
-123.5036,43.61538,Bigfoot Report Class B Nov 2006,,,,,,
-86.2011,35.9978,Bigfoot Report Class B Nov 2006,,,,,,
-88.3245,43.251,Bigfoot Report Class B Nov 2006,,,,,,
-82.8436,30.31709,Bigfoot Report Class B Nov 2007,,,,,,
-82.74675,31.30952,Bigfoot Report Class B Nov 2007,,,,,,
-90.21339,36.57869,Bigfoot Report Class B Nov 2007,,,,,,
-98.53998,31.4771,Bigfoot Report Class B Nov 2007,,,,,,
-122.5377,47.74225,Bigfoot Report Class B Nov 2007,,,,,,
-86.59747,34.55946,Bigfoot Report Class B Nov 2008,,,,,,
-124.1526,49.1497,Bigfoot Report Class B Nov 2008,,,,,,
-88.7476,37.228,Bigfoot Report Class B Nov 2008,,,,,,
-121.718,45.9216,Bigfoot Report Class B Nov 2008,,,,,,
-122.0571,46.81398,Bigfoot Report Class B Nov 2008,,,,,,
-87.265,30.9725,Bigfoot Report Class B Nov 2009,,,,,,
-90.7357,38.4063,Bigfoot Report Class B Nov 2009,,,,,,
-78.52589,40.65083,Bigfoot Report Class B Nov 2009,,,,,,
-82.25949,38.5464,Bigfoot Report Class B Nov about 1960,,,,,,
-85.93575,44.4887,Bigfoot Report Class B Nov mid 1990's,,,,,,
-68.8405,46.1333,Bigfoot Report Class B Nov ~1970,,,,,,
-79.3999,38.8554,Bigfoot Report Class B Oct '01or '02,,,,,,
-121.6738,47.86405,Bigfoot Report Class B Oct 07,,,,,,
-121.42,39.08,Bigfoot Report Class B Oct 1959,,,,,,
-105.4458,40.025,Bigfoot Report Class B Oct 1971,,,,,,
-94.96639,34.72195,Bigfoot Report Class B Oct 1971,,,,,,
-116.322,47.0615,Bigfoot Report Class B Oct 1972,,,,,,
-75.73906,43.1546,Bigfoot Report Class B Oct 1972,,,,,,
-121.8078,48.2775,Bigfoot Report Class B Oct 1973,,,,,,
-121.7745,45.5666,Bigfoot Report Class B Oct 1974,,,,,,
-95.35479,37.44208,Bigfoot Report Class B Oct 1975,,,,,,
-119.9811,38.19753,Bigfoot Report Class B Oct 1977,,,,,,
-94.11611,33.37917,Bigfoot Report Class B Oct 1978,,,,,,
-111.6149,41.6359,Bigfoot Report Class B Oct 1978,,,,,,
-90.90444,46.59847,Bigfoot Report Class B Oct 1978,,,,,,
-82.4975,33.89761,Bigfoot Report Class B Oct 1978/79,,,,,,
-118.1729,36.1894,Bigfoot Report Class B Oct 1979,,,,,,
-92.64896,30.8346,Bigfoot Report Class B Oct 1980,,,,,,
-81.31985,28.662,Bigfoot Report Class B Oct 1981,,,,,,
-74.70135,39.8234,Bigfoot Report Class B Oct 1981,,,,,,
-89.91499,35.5035,Bigfoot Report Class B Oct 1981,,,,,,
-88.65445,36.12292,Bigfoot Report Class B Oct 1981,,,,,,
-110.925,33.825,Bigfoot Report Class B Oct 1981-?,,,,,,
-111.6068,40.25622,Bigfoot Report Class B Oct 1982,,,,,,
-120.0389,38.46472,Bigfoot Report Class B Oct 1982-83,,,,,,
-90.18444,35.14639,Bigfoot Report Class B Oct 1983,,,,,,
-94.286,38.586,Bigfoot Report Class B Oct 1983,,,,,,
-83.44371,40.47326,Bigfoot Report Class B Oct 1983,,,,,,
-83.56088,40.01979,Bigfoot Report Class B Oct 1983,,,,,,
-86.09081,44.5976,Bigfoot Report Class B Oct 1984,,,,,,
-118.5347,36.05361,Bigfoot Report Class B Oct 1985,,,,,,
-92.683,45.776,Bigfoot Report Class B Oct 1985,,,,,,
-105.1744,38.71225,Bigfoot Report Class B Oct 1986,,,,,,
-108.1098,38.9969,Bigfoot Report Class B Oct 1987,,,,,,
-82.21939,41.27939,Bigfoot Report Class B Oct 1987,,,,,,
-111.2186,39.64175,Bigfoot Report Class B Oct 1988,,,,,,
-121.1692,45.88039,Bigfoot Report Class B Oct 1988,,,,,,
-89.3808,35.0055,Bigfoot Report Class B Oct 1989,,,,,,
-109.725,40.915,Bigfoot Report Class B Oct 1989,,,,,,
-91.985,37.27,Bigfoot Report Class B Oct 1990,,,,,,
-122.4275,46.5347,Bigfoot Report Class B Oct 1990,,,,,,
-83.78375,34.78035,Bigfoot Report Class B Oct 1990- 2006,,,,,,
-117.8333,34.2802,Bigfoot Report Class B Oct 1990?,,,,,,
-112,36.4,Bigfoot Report Class B Oct 1991,,,,,,
-123.5834,44.8458,Bigfoot Report Class B Oct 1991,,,,,,
-118.0891,44.68557,Bigfoot Report Class B Oct 1991,,,,,,
-79.7802,38.7084,Bigfoot Report Class B Oct 1991/1989,,,,,,
-120.3292,41.72278,Bigfoot Report Class B Oct 1992,,,,,,
-85.84489,38.73725,Bigfoot Report Class B Oct 1992,,,,,,
-122.0449,43.6947,Bigfoot Report Class B Oct 1992,,,,,,
-117.8775,50.57889,Bigfoot Report Class B Oct 1993,,,,,,
-90.1687,43.06171,Bigfoot Report Class B Oct 1994,,,,,,
-81.1455,41.2599,Bigfoot Report Class B Oct 1995,,,,,,
-81.59005,29.08405,Bigfoot Report Class B Oct 1996,,,,,,
-77.7011,41.845,Bigfoot Report Class B Oct 1996,,,,,,
-94.33334,31.33333,Bigfoot Report Class B Oct 1996,,,,,,
-79.52835,38.7016,Bigfoot Report Class B Oct 1996,,,,,,
-81.1498,25.86895,Bigfoot Report Class B Oct 1997,,,,,,
-89.6918,30.46825,Bigfoot Report Class B Oct 1997,,,,,,
-120.1075,48.61972,Bigfoot Report Class B Oct 1997,,,,,,
-95.68333,31.78333,Bigfoot Report Class B Oct 1998,,,,,,
-80.933,28.9935,Bigfoot Report Class B Oct 1998 & 1999,,,,,,
-81,38,Bigfoot Report Class B Oct 1998-1999,,,,,,
-119.2386,37.23667,Bigfoot Report Class B Oct 1999,,,,,,
-100.8188,50.06295,Bigfoot Report Class B Oct 2000,,,,,,
-82.03495,29.01175,Bigfoot Report Class B Oct 2000,,,,,,
-85.64108,30.28881,Bigfoot Report Class B Oct 2000,,,,,,
-98.12825,37.641,Bigfoot Report Class B Oct 2000,,,,,,
-90.7,38.40685,Bigfoot Report Class B Oct 2000,,,,,,
-82.82491,41.42364,Bigfoot Report Class B Oct 2000,,,,,,
-81.25576,40.42655,Bigfoot Report Class B Oct 2000,,,,,,
-123.4462,44.86875,Bigfoot Report Class B Oct 2000,,,,,,
-120.5122,48.59694,Bigfoot Report Class B Oct 2000,,,,,,
-121.2692,46.93333,Bigfoot Report Class B Oct 2000,,,,,,
-124.5301,47.9477,Bigfoot Report Class B Oct 2000,,,,,,
-85.63835,44.16985,Bigfoot Report Class B Oct 2000/01,,,,,,
-87.5047,31.20325,Bigfoot Report Class B Oct 2001,,,,,,
-81.80479,35.83845,Bigfoot Report Class B Oct 2001,,,,,,
-94.70278,34.52667,Bigfoot Report Class B Oct 2001,,,,,,
-94.60042,34.45195,Bigfoot Report Class B Oct 2001,,,,,,
-123.3601,45.76569,Bigfoot Report Class B Oct 2001,,,,,,
-96.27306,33.59,Bigfoot Report Class B Oct 2001,,,,,,
-118.9844,48.40611,Bigfoot Report Class B Oct 2001,,,,,,
-121.0638,46.621,Bigfoot Report Class B Oct 2001,,,,,,
-89.66195,46.0484,Bigfoot Report Class B Oct 2001,,,,,,
-92.943,35.8019,Bigfoot Report Class B Oct 2002,,,,,,
-118.6078,35.56805,Bigfoot Report Class B Oct 2002,,,,,,
-118.3356,35.51222,Bigfoot Report Class B Oct 2002,,,,,,
-105.0138,39.0621,Bigfoot Report Class B Oct 2002,,,,,,
-92.1527,36.7548,Bigfoot Report Class B Oct 2002,,,,,,
-81.5693,40.6298,Bigfoot Report Class B Oct 2002,,,,,,
-122.2487,45.4684,Bigfoot Report Class B Oct 2002,,,,,,
-94.86833,32.28944,Bigfoot Report Class B Oct 2002,,,,,,
-120.319,47.4822,Bigfoot Report Class B Oct 2002,,,,,,
-121.9191,46.0969,Bigfoot Report Class B Oct 2002,,,,,,
-122.6916,48.247,Bigfoot Report Class B Oct 2002,,,,,,
-73.8094,44.1856,Bigfoot Report Class B Oct 2002-2003,,,,,,
-122.6986,40.98333,Bigfoot Report Class B Oct 2003,,,,,,
-123.3264,40.37639,Bigfoot Report Class B Oct 2003,,,,,,
-120.4683,39.11167,Bigfoot Report Class B Oct 2003,,,,,,
-84.50055,34.1962,Bigfoot Report Class B Oct 2003,,,,,,
-85.3297,34.77525,Bigfoot Report Class B Oct 2003,,,,,,
-83.26097,35.89305,Bigfoot Report Class B Oct 2003,,,,,,
-100.8361,33.62167,Bigfoot Report Class B Oct 2003,,,,,,
-80.8797,37.00085,Bigfoot Report Class B Oct 2003,,,,,,
-110.9986,34.4274,Bigfoot Report Class B Oct 2004,,,,,,
-121.85,49.2605,Bigfoot Report Class B Oct 2004,,,,,,
-85.6667,44.45835,Bigfoot Report Class B Oct 2004,,,,,,
-94.685,34.695,Bigfoot Report Class B Oct 2004,,,,,,
-79.884,33.132,Bigfoot Report Class B Oct 2004,,,,,,
-95.71278,30.52694,Bigfoot Report Class B Oct 2004,,,,,,
-82.4179,36.8778,Bigfoot Report Class B Oct 2004,,,,,,
-123.7349,48.1368,Bigfoot Report Class B Oct 2004,,,,,,
-124.3324,47.5532,Bigfoot Report Class B Oct 2004,,,,,,
-80.17294,38.20065,Bigfoot Report Class B Oct 2004,,,,,,
-93.17056,34.31611,Bigfoot Report Class B Oct 2005,,,,,,
-119.9501,38.6167,Bigfoot Report Class B Oct 2005,,,,,,
-123.9035,48.87097,Bigfoot Report Class B Oct 2005,,,,,,
-105.0787,39.4455,Bigfoot Report Class B Oct 2005,,,,,,
-107.4381,40.00385,Bigfoot Report Class B Oct 2005,,,,,,
-116.6079,47.85001,Bigfoot Report Class B Oct 2005,,,,,,
-89.585,40.61,Bigfoot Report Class B Oct 2005,,,,,,
-87.7424,40.1527,Bigfoot Report Class B Oct 2005,,,,,,
-109.0612,36.39135,Bigfoot Report Class B Oct 2005,,,,,,
-75.38025,42.0837,Bigfoot Report Class B Oct 2005,,,,,,
-95.47556,30.14378,Bigfoot Report Class B Oct 2005,,,,,,
-123.8358,46.93755,Bigfoot Report Class B Oct 2005,,,,,,
-120.1611,48.45809,Bigfoot Report Class B Oct 2005,,,,,,
-122.105,47.6597,Bigfoot Report Class B Oct 2005,,,,,,
-80.5621,39.6723,Bigfoot Report Class B Oct 2005,,,,,,
-118.8741,37.28675,Bigfoot Report Class B Oct 2006,,,,,,
-120.0397,38.09832,Bigfoot Report Class B Oct 2006,,,,,,
-80.98849,26.1699,Bigfoot Report Class B Oct 2006,,,,,,
-91.75641,45.8618,Bigfoot Report Class B Oct 2006,,,,,,
-83.78585,44.56215,Bigfoot Report Class B Oct 2006,,,,,,
-103.018,42.71425,Bigfoot Report Class B Oct 2006,,,,,,
-105.5596,36.19625,Bigfoot Report Class B Oct 2006,,,,,,
-71.58906,41.4596,Bigfoot Report Class B Oct 2006,,,,,,
-83.21461,36.38632,Bigfoot Report Class B Oct 2006,,,,,,
-111.625,40.9,Bigfoot Report Class B Oct 2006,,,,,,
-119.0802,48.71545,Bigfoot Report Class B Oct 2006,,,,,,
-121.5777,48.22336,Bigfoot Report Class B Oct 2006,,,,,,
-119.7595,48.3912,Bigfoot Report Class B Oct 2006,,,,,,
-123.1976,47.396,Bigfoot Report Class B Oct 2006,,,,,,
-119.5423,48.94655,Bigfoot Report Class B Oct 2006,,,,,,
-120.1611,48.45809,Bigfoot Report Class B Oct 2006,,,,,,
-118.5905,48.51673,Bigfoot Report Class B Oct 2006,,,,,,
-119.2167,38.04165,Bigfoot Report Class B Oct 2007,,,,,,
-81.90182,30.03042,Bigfoot Report Class B Oct 2007,,,,,,
-113.7593,47.60413,Bigfoot Report Class B Oct 2007,,,,,,
-124.1417,41.84998,Bigfoot Report Class B Oct 2008,,,,,,
-107.501,37.33815,Bigfoot Report Class B Oct 2008,,,,,,
-82.05391,29.56871,Bigfoot Report Class B Oct 2008,,,,,,
-83.69043,37.83438,Bigfoot Report Class B Oct 2008,,,,,,
-83.16293,36.89771,Bigfoot Report Class B Oct 2008,,,,,,
-74.49518,40.93552,Bigfoot Report Class B Oct 2008,,,,,,
-121.2957,46.52485,Bigfoot Report Class B Oct 2008,,,,,,
-83.79678,37.65805,Bigfoot Report Class B Oct 2009,,,,,,
-81.37085,39.42635,Bigfoot Report Class B Oct 2009,,,,,,
-106.7084,40.55415,Bigfoot Report Class B Oct circa 1978,,,,,,
-125.2581,49.70889,Bigfoot Report Class B Sept 1968,,,,,,
-124.0644,41.30056,Bigfoot Report Class B Sept 1969,,,,,,
-119.975,39.592,Bigfoot Report Class B Sept 1970,,,,,,
-115.2088,46.2404,Bigfoot Report Class B Sept 1974,,,,,,
-124.2006,41.75611,Bigfoot Report Class B Sept 1975,,,,,,
-119.4626,37.83074,Bigfoot Report Class B Sept 1976,,,,,,
-91.419,39.1405,Bigfoot Report Class B Sept 1976,,,,,,
-94.3841,42.9074,Bigfoot Report Class B Sept 1977,,,,,,
-92.49979,46.69303,Bigfoot Report Class B Sept 1977,,,,,,
-119.8792,38.2395,Bigfoot Report Class B Sept 1978,,,,,,
-84.48506,39.64146,Bigfoot Report Class B Sept 1978,,,,,,
-122.3759,43.20335,Bigfoot Report Class B Sept 1979-80,,,,,,
-122.8719,40.9913,Bigfoot Report Class B Sept 1980,,,,,,
-85.27652,43.60667,Bigfoot Report Class B Sept 1982,,,,,,
-81.6455,26.529,Bigfoot Report Class B Sept 1982/83,,,,,,
-121.0922,46.98333,Bigfoot Report Class B Sept 1983,,,,,,
-122.0262,48.21095,Bigfoot Report Class B Sept 1983,,,,,,
-81.95285,27.9664,Bigfoot Report Class B Sept 1985 86,,,,,,
-94.0679,35.1759,Bigfoot Report Class B Sept 1986,,,,,,
-85.12935,43.45135,Bigfoot Report Class B Sept 1986,,,,,,
-82.4614,35.7909,Bigfoot Report Class B Sept 1986,,,,,,
-81.47213,31.55762,Bigfoot Report Class B Sept 1987,,,,,,
-75.11044,40.76345,Bigfoot Report Class B Sept 1987,,,,,,
-120.0508,38.05141,Bigfoot Report Class B Sept 1988,,,,,,
-84.36754,39.61205,Bigfoot Report Class B Sept 1988,,,,,,
-111.6631,38.8204,Bigfoot Report Class B Sept 1988,,,,,,
-121.675,40.88,Bigfoot Report Class B Sept 1992,,,,,,
-123.2665,45.4915,Bigfoot Report Class B Sept 1993,,,,,,
-85.57415,33.7065,Bigfoot Report Class B Sept 1994,,,,,,
-113.6925,46.18694,Bigfoot Report Class B Sept 1994,,,,,,
-121.725,47.41,Bigfoot Report Class B Sept 1994,,,,,,
-121.3222,49.53402,Bigfoot Report Class B Sept 1995,,,,,,
-97.24139,35.21111,Bigfoot Report Class B Sept 1995,,,,,,
-121.5684,45.25725,Bigfoot Report Class B Sept 1996,,,,,,
-121.7731,47.4317,Bigfoot Report Class B Sept 1996,,,,,,
-117.18,54.7,Bigfoot Report Class B Sept 1997,,,,,,
-105.275,38.91,Bigfoot Report Class B Sept 1997,,,,,,
-120.8169,39.02028,Bigfoot Report Class B Sept 1998,,,,,,
-89,39,Bigfoot Report Class B Sept 1998,,,,,,
-81.7418,35.94585,Bigfoot Report Class B Sept 1998,,,,,,
-96.46025,42.47356,Bigfoot Report Class B Sept 1998,,,,,,
-121.7944,46.1036,Bigfoot Report Class B Sept 1999,,,,,,
-121.7064,46.08515,Bigfoot Report Class B Sept 1999/2000,,,,,,
-122.5,58.5,Bigfoot Report Class B Sept 2000,,,,,,
-105.4917,38.93333,Bigfoot Report Class B Sept 2000,,,,,,
-81.98335,35.8934,Bigfoot Report Class B Sept 2000,,,,,,
-84.1735,39.9784,Bigfoot Report Class B Sept 2000,,,,,,
-122.0833,43.5883,Bigfoot Report Class B Sept 2000,,,,,,
-121.5825,45.91694,Bigfoot Report Class B Sept 2000,,,,,,
-118.6744,36.22306,Bigfoot Report Class B Sept 2001,,,,,,
-120.1547,38.18389,Bigfoot Report Class B Sept 2001,,,,,,
-119.235,37.23167,Bigfoot Report Class B Sept 2001,,,,,,
-119.801,38.3958,Bigfoot Report Class B Sept 2001,,,,,,
-122.7746,49.72417,Bigfoot Report Class B Sept 2001,,,,,,
-106.541,37.2362,Bigfoot Report Class B Sept 2001,,,,,,
-106.4213,39.15735,Bigfoot Report Class B Sept 2001,,,,,,
-114.9221,44.14765,Bigfoot Report Class B Sept 2001,,,,,,
-123.6664,45.07072,Bigfoot Report Class B Sept 2001,,,,,,
-123.625,45.70835,Bigfoot Report Class B Sept 2001,,,,,,
-117.6454,47.981,Bigfoot Report Class B Sept 2001,,,,,,
-122.8531,47.9237,Bigfoot Report Class B Sept 2001,,,,,,
-118.5272,36.10556,Bigfoot Report Class B Sept 2002,,,,,,
-121.2733,39.64306,Bigfoot Report Class B Sept 2002,,,,,,
-120.5764,38.91185,Bigfoot Report Class B Sept 2002,,,,,,
-82.79665,39.10495,Bigfoot Report Class B Sept 2002,,,,,,
-122.0252,46.5256,Bigfoot Report Class B Sept 2002,,,,,,
-110.5979,42.4829,Bigfoot Report Class B Sept 2002,,,,,,
-78.64526,47.38115,Bigfoot Report Class B Sept 2002-2003,,,,,,
-109.155,35.97,Bigfoot Report Class B Sept 2003,,,,,,
-118.5821,35.44986,Bigfoot Report Class B Sept 2003,,,,,,
-120.0459,38.03917,Bigfoot Report Class B Sept 2003,,,,,,
-82.81679,37.19822,Bigfoot Report Class B Sept 2003,,,,,,
-103.0044,42.69657,Bigfoot Report Class B Sept 2003,,,,,,
-78.39445,41.31268,Bigfoot Report Class B Sept 2003,,,,,,
-121.5497,47.0228,Bigfoot Report Class B Sept 2003,,,,,,
-122.885,47.23194,Bigfoot Report Class B Sept 2003,,,,,,
-121.5027,39.55249,Bigfoot Report Class B Sept 2004,,,,,,
-95.276,50.07,Bigfoot Report Class B Sept 2004,,,,,,
-84.71373,47.98577,Bigfoot Report Class B Sept 2004,,,,,,
-105.8799,53.7312,Bigfoot Report Class B Sept 2004,,,,,,
-82.4524,28.21492,Bigfoot Report Class B Sept 2004,,,,,,
-70.93333,43.05,Bigfoot Report Class B Sept 2004,,,,,,
-73.91649,41.38084,Bigfoot Report Class B Sept 2004,,,,,,
-122.4,44.9633,Bigfoot Report Class B Sept 2004,,,,,,
-122.5541,43.296,Bigfoot Report Class B Sept 2004,,,,,,
-93.68333,30.76667,Bigfoot Report Class B Sept 2004,,,,,,
-123.7108,48.08025,Bigfoot Report Class B Sept 2004,,,,,,
-122.1301,46.3751,Bigfoot Report Class B Sept 2004,,,,,,
-110.9583,34.33335,Bigfoot Report Class B Sept 2005,,,,,,
-121.6101,50.99847,Bigfoot Report Class B Sept 2005,,,,,,
-106.0525,52.94971,Bigfoot Report Class B Sept 2005,,,,,,
-106.1215,39.29325,Bigfoot Report Class B Sept 2005,,,,,,
-106.3325,37.3199,Bigfoot Report Class B Sept 2005,,,,,,
-82.11083,28.54028,Bigfoot Report Class B Sept 2005,,,,,,
-76.54514,38.81639,Bigfoot Report Class B Sept 2005,,,,,,
-122.1761,45.4549,Bigfoot Report Class B Sept 2005,,,,,,
-122.535,47.7504,Bigfoot Report Class B Sept 2005,,,,,,
-79.98335,39.05,Bigfoot Report Class B Sept 2005,,,,,,
-123.4439,39.06583,Bigfoot Report Class B Sept 2006,,,,,,
-92.76801,49.77521,Bigfoot Report Class B Sept 2006,,,,,,
-81.5545,28.5465,Bigfoot Report Class B Sept 2006,,,,,,
-111.6348,41.49955,Bigfoot Report Class B Sept 2006,,,,,,
-121.5775,46.14853,Bigfoot Report Class B Sept 2006,,,,,,
-123.2008,47.3978,Bigfoot Report Class B Sept 2006,,,,,,
-121.0479,38.95285,Bigfoot Report Class B Sept 2007,,,,,,
-117.9667,35.7,Bigfoot Report Class B Sept 2007,,,,,,
-88.65912,37.52127,Bigfoot Report Class B Sept 2007,,,,,,
-121.8738,46.40153,Bigfoot Report Class B Sept 2007,,,,,,
-112.0934,36.3431,Bigfoot Report Class B Sept 2008,,,,,,
-112.53,34.45,Bigfoot Report Class B Sept 2008,,,,,,
-109.9643,32.7071,Bigfoot Report Class B Sept 2008,,,,,,
-118.375,35.95835,Bigfoot Report Class B Sept 2008,,,,,,
-122.3574,46.878,Bigfoot Report Class B Sept 2008,,,,,,
-121.6321,46.99857,Bigfoot Report Class B Sept 2008,,,,,,
-89.04518,40.65639,Bigfoot Report Class B Sept 2009,,,,,,
-121.7576,45.96578,Bigfoot Report Class B Sept 2009,,,,,,
-122.5572,46.38448,Bigfoot Report Class B Sept 2009,,,,,,
-122.7465,42.08845,Bigfoot Report Class B Sept mid 90s,,,,,,
-95.75645,30.812,Bigfoot Report Class B about 1961,,,,,,
-82.353,37.49993,Bigfoot Report Class B early90s,,,,,,
-123.375,41.8111,Bigfoot Report Class B late 70's,,,,,,
-92.58,34.47,Bigfoot Report Class B mid 1970's,,,,,,
